Workbook

Sheet הכשרה - קרן י
A1: קרן י'
A3: אפיק השקעה | B3: שיעור חשיפה ליום 13/12/2024 | C3: מדיניות השקעות 2024 | D3: שיעור חשיפה מומלץ לשנת 2025 | E3: טווח סטייה | F3: גבולות שיעור החשיפה המומלץ | I3: מדד ייחוס | J3: שינוי ממדיניות 2024
A4: מניות (תעודות סל, קרנות נאמנות, חוזים אופציות ונגזרים) | B4: 0.434291 | C4: 0.38 | D4: 0.4 | E4: +/- 6% | F4: =D4+6% -> 0.46 | G4: - | H4: =IF(D4-6%<0%,0%,D4-6%) -> 0.34 | I4: 35% - ת"א 125 | J4: =D4-C4 -> 0.02
I5: 65% - MSCI World | J5: =D5-C5 -> 0
J6: =D6-C6 -> 0
A7: אג"ח ממשלתי (סחיר ולא סחיר, קרנות נאמנות, תעודות סל, חוזים ונגזרים) | B7: 0.18052021 | C7: 0.21 | D7: 0.22 | E7: +/- 5% | F7: =D7+5% -> 0.27 | G7: - | H7: =IF(D7-5%<0%,0%,D7-5%) -> 0.17 | I7: 50% מדד ממשלתי שקלי 2-5 | J7: =D7-C7 -> 0.01
I8: 50% מדד ממשלתי צמוד 2-5 | J8: =D8-C8 -> 0
A9: אג"ח קונצרני (סחיר ולא סחיר, קרנות נאמנות, תעודות סל, חוזים ונגזרים) | B9: 0.11577735 | C9: 0.12 | D9: 0.12 | E9: +/- 6% | F9: =D9+6% -> 0.18 | G9: - | H9: =IF(D9-6%<0%,0%,D9-6%) -> 0.06 | I9: 80% תלבונד 60 | J9: =D9-C9 -> 0
I10: 20% Barclays Global Aggregate Index | J10: =D10-C10 -> 0
A11: נדל"ן | B11: 0.10968972 | C11: 0.1 | D11: 0.1 | E11: +/- 5% | F11: =D11+5% -> 0.15 | G11: - | H11: =IF(D11-5%<0%,0%,D11-5%) -> 0.05 | I11: ממשלתי צמוד 5-10 | J11: =D11-C11 -> 0
A12: קרנות השקעה + קרנות גידור | B12: 0.24759126 | C12: 0.25 | D12: 0.25 | E12: +/- 5% | F12: =D12+5% -> 0.3 | G12: - | H12: =IF(D12-5%<0%,0%,D12-5%) -> 0.2 | I12: מדד HFRI WORLD | J12: =D12-C12 -> 0
A13: הלוואות לחברות + הלוואות עמיתים | B13: 0.0055601 | C13: 0.03 | D13: 0.03 | E13: +/- 5% | F13: =D13+5% -> 0.08 | G13: - | H13: =IF(D13-5%<0%,0%,D13-5%) -> 0 | I13: ממשלתי לא צמוד 2-5 | J13: =D13-C13 -> 0
A14: אחר (מזומן, פקדונות, סחורות) | B14: 0.05701992 | C14: 0.07 | D14: 0.03 | E14: +/- 5% | F14: =D14+5% -> 0.08 | G14: - | H14: =IF(D14-5%<0%,0%,D14-5%) -> 0 | I14: ריבית בנק ישראל | J14: =D14-C14 -> -0.04
A15: סה"כ | B15: =SUM(B4:B14) -> 1.1504496 | C15: =SUM(C4:C14) -> 1.16 | D15: =SUM(D4:D14) -> 1.15 | J15: =SUM(J4:J14) -> -0.01
A16: חשיפה למט"ח | B16: 0.243509 | C16: 0.22 | D16: 0.22 | E16: +/- 6% | F16: =D16+6% -> 0.28 | G16: - | H16: =IF(D16-6%<0%,0%,D16-6%) -> 0.16 | I16: 80% דולר 20% אירו | J16: =D16-C16 -> 0
A17: מגבלת עמלת ניהול חיצוני לשנת 2025 | B17: 0.0035
A19: בתאריך 19.03.2025 אישר הדירקטוריון את השינוי הבא
A20: אפיק השקעה | B20: מדיניות קודמת | C20: שינוי החל מתאריך 19.03.25 | D20: שינוי ממדיניות קודמת | E20: טווח סטייה | F20: גבולות שיעור החשיפה המומלץ
A21: מניות (תעודות סל, קרנות נאמנות, חוזים אופציות ונגזרים) | B21: 0.4 | C21: 0.44 | D21: =C21-B21 -> 0.04 | E21: +/- 6% | F21: =C21+6% -> 0.5 | G21: - | H21: =IF(C21-6%<0%,0%,C21-6%) -> 0.38
A22: אג"ח קונצרני (סחיר ולא סחיר, קרנות נאמנות, תעודות סל, חוזים ונגזרים) | B22: 0.12 | C22: 0.1 | D22: =C22-B22 -> -0.02 | E22: +/- 6% | F22: =C22+6% -> 0.16 | G22: - | H22: =IF(C22-6%<0%,0%,C22-6%) -> 0.04
A23: קרנות השקעה + קרנות גידור | B23: 0.25 | C23: 0.21 | D23: =C23-B23 -> -0.04 | E23: +/- 5% | F23: =C23+5% -> 0.26 | G23: - | H23: =IF(C23-5%<0%,0%,C23-5%) -> 0.16

Sheet הכשרה- קרן ט
A1: קרן ט'
A3: אפיק השקעה | B3: ='הכשרה - קרן י'!$B$3 -> שיעור חשיפה ליום 13/12/2024 | C3: ='הכשרה - קרן י'!$C$3 -> מדיניות השקעות 2024 | D3: ='הכשרה - קרן י'!$D$3 -> שיעור חשיפה מומלץ לשנת 2025 | E3: טווח סטייה | F3: גבולות שיעור החשיפה המומלץ | I3: מדד ייחוס | J3: ='הכשרה - קרן י'!$J$3 -> שינוי ממדיניות 2024
A4: מניות (תעודות סל, קרנות נאמנות, חוזים אופציות ונגזרים) | B4: 0.44417 | C4: 0.4 | D4: 0.41 | E4: +/- 6% | F4: =D4+6% -> 0.47 | G4: - | H4: =IF(D4-6%<0%,0%,D4-6%) -> 0.35 | I4: 35% - ת"א 125 | J4: =D4-C4 -> 0.01
I5: 65% - MSCI World | J5: =D5-C5 -> 0
J6: =D6-C6 -> 0
A7: אג"ח ממשלתי | B7: 0.41666168 | C7: 0.44 | D7: 0.41 | E7: +/- 5% | F7: =D7+5% -> 0.46 | G7: - | H7: =IF(D7-5%<0%,0%,D7-5%) -> 0.36 | I7: 50% מדד ממשלתי שקלי 2-5 | J7: =D7-C7 -> -0.03
A8: מתוך זה : | I8: 50% מדד ממשלתי צמוד 2-5 | J8: =D8-C8 -> 0
A9: ממשלתי סחיר | B9: =B7-B10 -> 0.07956168 | C9: 0.13 | D9: 0.1 | E9: +/- 5% | F9: =D9+5% -> 0.15 | G9: - | H9: =IF(D9-5%<0%,0%,D9-5%) -> 0.05
A10: אג"ח מיועדות | B10: 0.3371 | C10: 0.31 | D10: 0.31 | E10: +/- 5% | F10: =D10+5% -> 0.36 | G10: - | H10: =IF(D10-5%<0%,0%,D10-5%) -> 0.26
A11: אג"ח קונצרני (סחיר ולא סחיר, קרנות נאמנות, תעודות סל, חוזים ונגזרים) | B11: 0.04160702 | C11: 0.06 | D11: 0.06 | E11: +/- 6% | F11: =D11+6% -> 0.12 | G11: - | H11: =IF(D11-6%<0%,0%,D11-6%) -> 0 | I11: 80% תלבונד 60 | J11: =D11-C11 -> 0
I12: 20% Barclays Global Aggregate Index | J12: =D12-C12 -> 0
A13: נדל"ן | B13: 0.00084592 | C13: 0.01 | D13: 0.01 | E13: +/- 5% | F13: =D13+5% -> 0.06 | G13: - | H13: =IF(D13-5%<0%,0%,D13-5%) -> 0 | I13: ממשלתי צמוד 5-10 | J13: =D13-C13 -> 0
A14: קרנות השקעה + קרנות גידור | B14: 0.11276167 | C14: 0.1 | D14: 0.1 | E14: +/- 5% | F14: =D14+5% -> 0.15 | G14: - | H14: =IF(D14-5%<0%,0%,D14-5%) -> 0.05 | I14: מדד HFRI WORLD | J14: =D14-C14 -> 0
A15: הלוואות לחברות + הלוואות עמיתים | B15: 0 | C15: 0.02 | D15: 0.02 | E15: +/- 5% | F15: =D15+5% -> 0.07 | G15: - | H15: =IF(D15-5%<0%,0%,D15-5%) -> 0 | I15: ממשלתי לא צמוד 2-5 | J15: =D15-C15 -> 0
A16: אחר (מזומן, פקדונות, סחורות) | B16: 0.04415593 | C16: 0.07 | D16: 0.03 | E16: +/- 5% | F16: =D16+5% -> 0.08 | G16: - | H16: =IF(D16-5%<0%,0%,D16-5%) -> 0 | I16: ריבית בנק ישראל | J16: =D16-C16 -> -0.04
A17: סה"כ | B17: =B16+B15+B14+B13+B11+B7+B4 -> 1.0602022 | C17: =SUM(C4:C16)-C9-C10 -> 1.1 | D17: =SUM(D4:D16)-D9-D10 -> 1.04 | J17: =SUM(J4:J16) -> -0.06
A18: חשיפה למט"ח | B18: 0.233429 | C18: 0.22 | D18: 0.22 | E18: +/- 6% | F18: =D18+6% -> 0.28 | G18: - | H18: =IF(D18-6%<0%,0%,D18-6%) -> 0.16 | I18: 80% דולר 20% אירו | J18: =D18-C18 -> 0
A19: ='הכשרה - קרן י'!$A$17 -> מגבלת עמלת ניהול חיצוני לשנת 2025 | B19: 0.0025

Sheet הכשרה - כללי
A1: מסלול כללי
A3: אפיק השקעה | B3: ='הכשרה - קרן י'!$B$3 -> שיעור חשיפה ליום 13/12/2024 | C3: ='הכשרה - קרן י'!$C$3 -> מדיניות השקעות 2024 | D3: ='הכשרה - קרן י'!$D$3 -> שיעור חשיפה מומלץ לשנת 2025 | E3: טווח סטייה | F3: גבולות שיעור החשיפה המומלץ | I3: מדד ייחוס | J3: ='הכשרה - קרן י'!$J$3 -> שינוי ממדיניות 2024
A4: מניות (תעודות סל, קרנות נאמנות, חוזים אופציות ונגזרים) | B4: 0.485382 | C4: 0.44 | D4: 0.45 | E4: +/- 6% | F4: =D4+6% -> 0.51 | G4: - | H4: =IF(D4-6%<0%,0%,D4-6%) -> 0.39 | I4: 35% - ת"א 125 | J4: =D4-C4 -> 0.01
I5: 65% - MSCI World | J5: =D5-C5 -> 0
J6: =D6-C6 -> 0
A7: אג"ח ממשלתי (סחיר ולא סחיר, קרנות נאמנות, תעודות סל, חוזים ונגזרים) | B7: 0.24878486 | C7: 0.25 | D7: 0.27 | E7: +/- 5% | F7: =D7+5% -> 0.32 | G7: - | H7: =IF(D7-5%<0%,0%,D7-5%) -> 0.22 | I7: 50% מדד ממשלתי שקלי 2-5 | J7: =D7-C7 -> 0.02
I8: 50% מדד ממשלתי צמוד 2-5 | J8: =D8-C8 -> 0
A9: אג"ח קונצרני (סחיר ולא סחיר, קרנות נאמנות, תעודות סל, חוזים ונגזרים) | B9: 0.12984973 | C9: 0.11 | D9: 0.11 | E9: +/- 6% | F9: =D9+6% -> 0.17 | G9: - | H9: =IF(D9-6%<0%,0%,D9-6%) -> 0.05 | I9: 80% תלבונד 60 | J9: =D9-C9 -> 0
I10: 20% Barclays Global Aggregate Index | J10: =D10-C10 -> 0
A11: נדל"ן | B11: 0.04855486 | C11: 0.05 | D11: 0.05 | E11: +/- 5% | F11: =D11+5% -> 0.1 | G11: - | H11: =IF(D11-5%<0%,0%,D11-5%) -> 0 | I11: ממשלתי צמוד 5-10 | J11: =D11-C11 -> 0
A12: קרנות השקעה + קרנות גידור | B12: 0.18150651 | C12: 0.16 | D12: 0.16 | E12: +/- 5% | F12: =D12+5% -> 0.21 | G12: - | H12: =IF(D12-5%<0%,0%,D12-5%) -> 0.11 | I12: מדד HFRI WORLD | J12: =D12-C12 -> 0
A13: הלוואות לחברות + הלוואות עמיתים | B13: 0.01510977 | C13: 0.03 | D13: 0.03 | E13: +/- 5% | F13: =D13+5% -> 0.08 | G13: - | H13: =IF(D13-5%<0%,0%,D13-5%) -> 0 | I13: ממשלתי לא צמוד 2-5 | J13: =D13-C13 -> 0
A14: אחר (מזומן, פקדונות, סחורות) | B14: 0.06572549 | C14: 0.08 | D14: 0.05 | E14: +/- 5% | F14: =D14+5% -> 0.1 | G14: - | H14: =IF(D14-5%<0%,0%,D14-5%) -> 0 | I14: ריבית בנק ישראל | J14: =D14-C14 -> -0.03
A15: סה"כ | B15: =SUM(B4:B14) -> 1.1749132 | C15: =SUM(C4:C14) -> 1.12 | D15: =SUM(D4:D14) -> 1.12 | J15: =D15-C15 -> 0
A16: חשיפה למט"ח | B16: 0.233762 | C16: 0.21 | D16: 0.22 | E16: +/- 6% | F16: =D16+6% -> 0.28 | G16: - | H16: =IF(D16-6%<0%,0%,D16-6%) -> 0.16 | I16: 80% דולר 20% אירו | J16: =D16-C16 -> 0.01
A17: ='הכשרה - קרן י'!$A$17 -> מגבלת עמלת ניהול חיצוני לשנת 2025 | B17: 0.0028

Sheet הכשרה - מסלול לבני 50 ומטה
A1: הכשרה לבני 50 ומטה
A3: אפיק השקעה | B3: ='הכשרה - קרן י'!$B$3 -> שיעור חשיפה ליום 13/12/2024 | C3: ='הכשרה - קרן י'!$C$3 -> מדיניות השקעות 2024 | D3: ='הכשרה - קרן י'!$D$3 -> שיעור חשיפה מומלץ לשנת 2025 | E3: טווח סטייה | F3: גבולות שיעור החשיפה המומלץ | I3: מדד ייחוס | J3: ='הכשרה - קרן י'!$J$3 -> שינוי ממדיניות 2024
A4: מניות (תעודות סל, קרנות נאמנות, חוזים אופציות ונגזרים) | B4: 0.50706 | C4: 0.46 | D4: 0.48 | E4: +/- 6% | F4: =D4+6% -> 0.54 | G4: - | H4: =IF(D4-6%<0%,0%,D4-6%) -> 0.42 | I4: 35% - ת"א 125 | J4: =D4-C4 -> 0.02
I5: 65% - MSCI World | J5: =D5-C5 -> 0
J6: =D6-C6 -> 0
A7: אג"ח ממשלתי (סחיר ולא סחיר, קרנות נאמנות, תעודות סל, חוזים ונגזרים) | B7: 0.18847208 | C7: 0.2 | D7: 0.22 | E7: +/- 5% | F7: =D7+5% -> 0.27 | G7: - | H7: =IF(D7-5%<0%,0%,D7-5%) -> 0.17 | I7: 50% מדד ממשלתי שקלי 2-5 | J7: =D7-C7 -> 0.02
I8: 50% מדד ממשלתי צמוד 2-5 | J8: =D8-C8 -> 0
A9: אג"ח קונצרני (סחיר ולא סחיר, קרנות נאמנות, תעודות סל, חוזים ונגזרים) | B9: 0.0916495 | C9: 0.1 | D9: 0.1 | E9: +/- 6% | F9: =D9+6% -> 0.16 | G9: - | H9: =IF(D9-6%<0%,0%,D9-6%) -> 0.04 | I9: 80% תלבונד 60 | J9: =D9-C9 -> 0
I10: 20% Barclays Global Aggregate Index | J10: =D10-C10 -> 0
A11: נדל"ן | B11: 0.01084892 | C11: 0.04 | D11: 0.04 | E11: +/- 5% | F11: =D11+5% -> 0.09 | G11: - | H11: =IF(D11-5%<0%,0%,D11-5%) -> 0 | I11: ממשלתי צמוד 5-10 | J11: =D11-C11 -> 0
A12: קרנות השקעה + קרנות גידור | B12: 0.21804792 | C12: 0.23 | D12: 0.22 | E12: +/- 5% | F12: =D12+5% -> 0.27 | G12: - | H12: =IF(D12-5%<0%,0%,D12-5%) -> 0.17 | I12: מדד HFRI WORLD | J12: =D12-C12 -> -0.01
A13: הלוואות לחברות + הלוואות עמיתים | B13: 0.00599208 | C13: 0.03 | D13: 0.03 | E13: +/- 5% | F13: =D13+5% -> 0.08 | G13: - | H13: =IF(D13-5%<0%,0%,D13-5%) -> 0 | I13: ממשלתי לא צמוד 2-5 | J13: =D13-C13 -> 0
A14: אחר (מזומן, פקדונות, סחורות) | B14: 0.10565677 | C14: 0.08 | D14: 0.05 | E14: +/- 5% | F14: =D14+5% -> 0.1 | G14: - | H14: =IF(D14-5%<0%,0%,D14-5%) -> 0 | I14: ריבית בנק ישראל | J14: =D14-C14 -> -0.03
A15: סה"כ | B15: =SUM(B4:B14) -> 1.1277273 | C15: =SUM(C4:C14) -> 1.14 | D15: =SUM(D4:D14) -> 1.14 | J15: =SUM(J4:J14) -> -5.5511151e-17
A16: חשיפה למט"ח | B16: 0.249413 | C16: 0.23 | D16: 0.23 | E16: +/- 6% | F16: =D16+6% -> 0.29 | G16: - | H16: =IF(D16-6%<0%,0%,D16-6%) -> 0.17 | I16: 80% דולר 20% אירו | J16: =D16-C16 -> 0
A17: ='הכשרה - קרן י'!$A$17 -> מגבלת עמלת ניהול חיצוני לשנת 2025 | B17: 0.003

Sheet הכשרה - מסלול לבני 50 עד 60
A1: הכשרה לבני 50-60
A3: אפיק השקעה | B3: ='הכשרה - קרן י'!$B$3 -> שיעור חשיפה ליום 13/12/2024 | C3: ='הכשרה - קרן י'!$C$3 -> מדיניות השקעות 2024 | D3: ='הכשרה - קרן י'!$D$3 -> שיעור חשיפה מומלץ לשנת 2025 | E3: טווח סטייה | F3: גבולות שיעור החשיפה המומלץ | I3: מדד ייחוס | J3: ='הכשרה - קרן י'!$J$3 -> שינוי ממדיניות 2024
A4: מניות (תעודות סל, קרנות נאמנות, חוזים אופציות ונגזרים) | B4: 0.449464 | C4: 0.4 | D4: 0.42 | E4: +/- 6% | F4: =D4+6% -> 0.48 | G4: - | H4: =IF(D4-6%<0%,0%,D4-6%) -> 0.36 | I4: 35% - ת"א 125 | J4: =D4-C4 -> 0.02
I5: 65% - MSCI World | J5: =D5-C5 -> 0
J6: =D6-C6 -> 0
A7: אג"ח ממשלתי (סחיר ולא סחיר, קרנות נאמנות, תעודות סל, חוזים ונגזרים) | B7: 0.25347948 | C7: 0.22 | D7: 0.25 | E7: +/- 5% | F7: =D7+5% -> 0.3 | G7: - | H7: =IF(D7-5%<0%,0%,D7-5%) -> 0.2 | I7: 50% מדד ממשלתי שקלי 2-5 | J7: =D7-C7 -> 0.03
I8: 50% מדד ממשלתי צמוד 2-5 | J8: =D8-C8 -> 0
A9: אג"ח קונצרני (סחיר ולא סחיר, קרנות נאמנות, תעודות סל, חוזים ונגזרים) | B9: 0.15867065 | C9: 0.14 | D9: 0.14 | E9: +/- 6% | F9: =D9+6% -> 0.2 | G9: - | H9: =IF(D9-6%<0%,0%,D9-6%) -> 0.08 | I9: 80% תלבונד 60 | J9: =D9-C9 -> 0
I10: 20% Barclays Global Aggregate Index | J10: =D10-C10 -> 0
A11: נדל"ן | B11: 0.00568943 | C11: 0.04 | D11: 0.04 | E11: +/- 5% | F11: =D11+5% -> 0.09 | G11: - | H11: =IF(D11-5%<0%,0%,D11-5%) -> 0 | I11: ממשלתי צמוד 5-10 | J11: =D11-C11 -> 0
A12: קרנות השקעה + קרנות גידור | B12: 0.11637226 | C12: 0.15 | D12: 0.12 | E12: +/- 5% | F12: =D12+5% -> 0.17 | G12: - | H12: =IF(D12-5%<0%,0%,D12-5%) -> 0.07 | I12: מדד HFRI WORLD | J12: =D12-C12 -> -0.03
A13: הלוואות לחברות + הלוואות עמיתים | B13: 0.00417773 | C13: 0.03 | D13: 0.03 | E13: +/- 5% | F13: =D13+5% -> 0.08 | G13: - | H13: =IF(D13-5%<0%,0%,D13-5%) -> 0 | I13: ממשלתי לא צמוד 2-5 | J13: =D13-C13 -> 0
A14: אחר (מזומן, פקדונות, סחורות) | B14: 0.0957831 | C14: 0.09 | D14: 0.05 | E14: +/- 5% | F14: =D14+5% -> 0.1 | G14: - | H14: =IF(D14-5%<0%,0%,D14-5%) -> 0 | I14: ריבית בנק ישראל | J14: =D14-C14 -> -0.04
A15: סה"כ | B15: =SUM(B4:B14) -> 1.0836366 | C15: =SUM(C4:C14) -> 1.07 | D15: =SUM(D4:D14) -> 1.05 | J15: =SUM(J4:J14) -> -0.02
A16: חשיפה למט"ח | B16: 0.226104 | C16: 0.22 | D16: 0.21 | E16: +/- 6% | F16: =D16+6% -> 0.27 | G16: - | H16: =IF(D16-6%<0%,0%,D16-6%) -> 0.15 | I16: 80% דולר 20% אירו | J16: =D16-C16 -> -0.01
A17: ='הכשרה - קרן י'!$A$17 -> מגבלת עמלת ניהול חיצוני לשנת 2025 | B17: 0.0025

Sheet הכשרה - מסלול לבני 60 ומעלה
A1: הכשרה לבני 60 ומעלה
A3: אפיק השקעה | B3: ='הכשרה - קרן י'!$B$3 -> שיעור חשיפה ליום 13/12/2024 | C3: ='הכשרה - קרן י'!$C$3 -> מדיניות השקעות 2024 | D3: ='הכשרה - קרן י'!$D$3 -> שיעור חשיפה מומלץ לשנת 2025 | E3: טווח סטייה | F3: גבולות שיעור החשיפה המומלץ | I3: מדד ייחוס | J3: ='הכשרה - קרן י'!$J$3 -> שינוי ממדיניות 2024
A4: מניות (תעודות סל, קרנות נאמנות, חוזים אופציות ונגזרים) | B4: 0.273515 | C4: 0.23 | D4: 0.26 | E4: +/- 6% | F4: =D4+6% -> 0.32 | G4: - | H4: =IF(D4-6%<0%,0%,D4-6%) -> 0.2 | I4: 35% - ת"א 125 | J4: =D4-C4 -> 0.03
I5: 65% - MSCI World
A7: אג"ח ממשלתי (סחיר ולא סחיר, קרנות נאמנות, תעודות סל, חוזים ונגזרים) | B7: 0.31313868 | C7: 0.27 | D7: 0.33 | E7: +/- 5% | F7: =D7+5% -> 0.38 | G7: - | H7: =IF(D7-5%<0%,0%,D7-5%) -> 0.28 | I7: 50% מדד ממשלתי שקלי 2-5 | J7: =D7-C7 -> 0.06
I8: 50% מדד ממשלתי צמוד 2-5
A9: אג"ח קונצרני (סחיר ולא סחיר, קרנות נאמנות, תעודות סל, חוזים ונגזרים) | B9: 0.17825553 | C9: 0.19 | D9: 0.19 | E9: +/- 6% | F9: =D9+6% -> 0.25 | G9: - | H9: =IF(D9-6%<0%,0%,D9-6%) -> 0.13 | I9: 80% תלבונד 60 | J9: =D9-C9 -> 0
I10: 20% Barclays Global Aggregate Index
A11: נדל"ן | B11: 0.00464865 | C11: 0.04 | D11: 0.04 | E11: +/- 5% | F11: =D11+5% -> 0.09 | G11: - | H11: =IF(D11-5%<0%,0%,D11-5%) -> 0 | I11: ממשלתי צמוד 5-10 | J11: =D11-C11 -> 0
A12: קרנות השקעה + קרנות גידור | B12: 0.09792429 | C12: 0.15 | D12: 0.1 | E12: +/- 5% | F12: =D12+5% -> 0.15 | G12: - | H12: =IF(D12-5%<0%,0%,D12-5%) -> 0.05 | I12: מדד HFRI WORLD | J12: =D12-C12 -> -0.05
A13: הלוואות לחברות + הלוואות עמיתים | B13: 0.00335552 | C13: 0.02 | D13: 0.02 | E13: +/- 5% | F13: =D13+5% -> 0.07 | G13: - | H13: =IF(D13-5%<0%,0%,D13-5%) -> 0 | I13: ממשלתי לא צמוד 2-5 | J13: =D13-C13 -> 0
A14: אחר (מזומן, פקדונות, סחורות) | B14: 0.13909734 | C14: 0.1 | D14: 0.06 | E14: +/- 5% | F14: =D14+5% -> 0.11 | G14: - | H14: =IF(D14-5%<0%,0%,D14-5%) -> 0.01 | I14: ריבית בנק ישראל | J14: =D14-C14 -> -0.04
A15: סה"כ | B15: =SUM(B4:B14) -> 1.009935 | C15: =SUM(C4:C14) -> 1 | D15: =SUM(D4:D14) -> 1 | J15: =D15-C15 -> 0
A16: חשיפה למט"ח | B16: 0.176418 | C16: 0.19 | D16: 0.19 | E16: +/- 6% | F16: =D16+6% -> 0.25 | G16: - | H16: =IF(D16-6%<0%,0%,D16-6%) -> 0.13 | I16: 80% דולר 20% אירו | J16: =D16-C16 -> 0
A17: ='הכשרה - קרן י'!$A$17 -> מגבלת עמלת ניהול חיצוני לשנת 2025 | B17: 0.0025

Sheet הכשרה - מסלול בסיסי למקבלי קצבה
A1: הכשרה למקבלי קצבה
A3: אפיק השקעה | B3: ='הכשרה - קרן י'!$B$3 -> שיעור חשיפה ליום 13/12/2024 | C3: ='הכשרה - קרן י'!$C$3 -> מדיניות השקעות 2024 | D3: ='הכשרה - קרן י'!$D$3 -> שיעור חשיפה מומלץ לשנת 2025 | E3: טווח סטייה | F3: גבולות שיעור החשיפה המומלץ | I3: מדד ייחוס | J3: ='הכשרה - קרן י'!$J$3 -> שינוי ממדיניות 2024
A4: מניות (תעודות סל, קרנות נאמנות, חוזים אופציות ונגזרים) | B4: 0.233233 | C4: 0.26 | D4: 0.26 | E4: +/- 6% | F4: =D4+6% -> 0.32 | G4: - | H4: =IF(D4-6%<0%,0%,D4-6%) -> 0.2 | I4: 35% - ת"א 125 | J4: =D4-C4 -> 0
I5: 65% - MSCI World
A7: אג"ח ממשלתי (סחיר ולא סחיר, קרנות נאמנות, תעודות סל, חוזים ונגזרים) | B7: 0.4178661 | C7: 0.37 | D7: 0.4 | E7: +/- 5% | F7: =D7+5% -> 0.45 | G7: - | H7: =IF(D7-5%<0%,0%,D7-5%) -> 0.35 | I7: 50% מדד ממשלתי שקלי 2-5 | J7: =D7-C7 -> 0.03
I8: 50% מדד ממשלתי צמוד 2-5
A9: אג"ח קונצרני (סחיר ולא סחיר, קרנות נאמנות, תעודות סל, חוזים ונגזרים) | B9: 0.16463568 | C9: 0.15 | D9: 0.15 | E9: +/- 6% | F9: =D9+6% -> 0.21 | G9: - | H9: =IF(D9-6%<0%,0%,D9-6%) -> 0.09 | I9: 80% תלבונד 60 | J9: =D9-C9 -> 0
I10: 20% Barclays Global Aggregate Index
A11: נדל"ן | B11: 0.009956 | C11: 0.05 | D11: 0.05 | E11: +/- 5% | F11: =D11+5% -> 0.1 | G11: - | H11: =IF(D11-5%<0%,0%,D11-5%) -> 0 | I11: ממשלתי צמוד 5-10 | J11: =D11-C11 -> 0
A12: קרנות השקעה + קרנות גידור | B12: 0.12861919 | C12: 0.15 | D12: 0.13 | E12: +/- 5% | F12: =D12+5% -> 0.18 | G12: - | H12: =IF(D12-5%<0%,0%,D12-5%) -> 0.08 | I12: מדד HFRI WORLD | J12: =D12-C12 -> -0.02
A13: הלוואות לחברות + הלוואות עמיתים | B13: 0.00622281 | C13: 0.02 | D13: 0.02 | E13: +/- 5% | F13: =D13+5% -> 0.07 | G13: - | H13: =IF(D13-5%<0%,0%,D13-5%) -> 0 | I13: ממשלתי לא צמוד 2-5 | J13: =D13-C13 -> 0
A14: אחר (מזומן, פקדונות, סחורות) | B14: 0.08484773 | C14: 0.07 | D14: 0.05 | E14: +/- 5% | F14: =D14+5% -> 0.1 | G14: - | H14: =IF(D14-5%<0%,0%,D14-5%) -> 0 | I14: ריבית בנק ישראל | J14: =D14-C14 -> -0.02
A15: סה"כ | B15: =SUM(B4:B14) -> 1.0453805 | C15: =SUM(C4:C14) -> 1.07 | D15: =SUM(D4:D14) -> 1.06 | J15: =SUM(J4:J14) -> -0.01
A16: חשיפה למט"ח | B16: 0.166787 | C16: 0.21 | D16: 0.19 | E16: +/- 6% | F16: =D16+6% -> 0.25 | G16: - | H16: =IF(D16-6%<0%,0%,D16-6%) -> 0.13 | I16: 80% דולר 20% אירו | J16: =D16-C16 -> -0.02
A17: ='הכשרה - קרן י'!$A$17 -> מגבלת עמלת ניהול חיצוני לשנת 2025 | B17: 0.0025

Sheet הכשרה - כספי (שקלי)
A1: הכשרה כספי (שקלי)
A3: אפיק השקעה | B3: ='הכשרה - קרן י'!$B$3 -> שיעור חשיפה ליום 13/12/2024 | C3: ='הכשרה - קרן י'!$C$3 -> מדיניות השקעות 2024 | D3: ='הכשרה - קרן י'!$D$3 -> שיעור חשיפה מומלץ לשנת 2025 | E3: טווח סטייה | F3: גבולות שיעור החשיפה המומלץ | I3: מדד ייחוס | J3: ='הכשרה - קרן י'!$J$3 -> שינוי ממדיניות 2024
A4: ממשלתי שקלי (מק"מ, ממשלתי שקלי, פקדונות) | B4: 0.97661823 | C4: 0.95 | D4: 0.95 | E4: +/- 5% | F4: =D4+5% -> 1 | G4: - | H4: =IF(D4-5%<0%,0%,D4-5%) -> 0.9 | I4: ממשלתי לא צמוד 2-5 | J4: =D4-C4 -> 0
A5: אחר (מזומן, הלוואות עמיתים, קונצרני, ממשלתי צמוד מדד) | B5: 0.0234 | C5: 0.05 | D5: 0.05 | E5: +/- 5% | F5: =D5+5% -> 0.1 | G5: - | H5: =IF(D5-5%<0%,0%,D5-5%) -> 0 | I5: ריבית בנק ישראל | J5: =D5-C5 -> 0
A6: סה"כ | B6: =SUM(B4:B5) -> 1.0000182 | C6: =SUM(C4:C5) -> 1 | D6: =SUM(D4:D5) -> 1 | J6: =SUM(J4:J5) -> 0
A7: חשיפה למט"ח | B7: 0 | C7: 0 | D7: 0 | E7: ללא חשיפת מט"ח
A8: ='הכשרה - קרן י'!$A$17 -> מגבלת עמלת ניהול חיצוני לשנת 2025 | B8: 0.0015
A10: נכסי המסלול יהיו חשופים לנכסים הבאים אשר אינם צמודים ואינם חשופים לסיכוני מטבע (פרט למטבע השקל החדש): פיקדונות שקליים, מלוות ממשלתיות נקובות בש"ח, הלוואות שקליות ואג"ח שקליות (סחירות ושאינן סחירות),
A11: בשיעור שלא יפחת מ-75% ולא יעלה על 120% מנכסי המסלול. חשיפה לנכסים כאמור תושג באמצעות השקעה במישרין, בנגזרים (לרבות חוזים עתידיים, אופציות וכתבי אופציות), בקרנות סל ובקרנות נאמנות.
A12: יתרת הנכסים תושקע בכפוף להוראות הדין ובתנאי ששיעור החשיפה הכולל במסלול לא יעלה על 120% מנכסי המסלול.

Sheet הכשרה - עוקב מדדים גמיש
A1: מסלול עוקב מדדים גמיש
A3: אפיק השקעה | B3: ='הכשרה - קרן י'!$B$3 -> שיעור חשיפה ליום 13/12/2024 | C3: ='הכשרה - קרן י'!$C$3 -> מדיניות השקעות 2024 | D3: ='הכשרה - קרן י'!$D$3 -> שיעור חשיפה מומלץ לשנת 2025 | E3: טווח סטייה | F3: גבולות שיעור החשיפה המומלץ | I3: מדד ייחוס | J3: ='הכשרה - קרן י'!$J$3 -> שינוי ממדיניות 2024
A4: מניות (סחיר) | B4: 0.300108 | C4: 0.3 | D4: 0.3 | E4: +/- 6% | F4: =D4+6% -> 0.36 | G4: - | H4: =IF(D4-6%<0%,0%,D4-6%) -> 0.24 | I4: 35% - ת"א 125 | J4: =D4-C4 -> 0
I5: 65% - MSCI World
A7: אג"ח ממשלתי (סחיר בארץ ובחו"ל) | B7: 0.37669331 | C7: 0.35 | D7: 0.35 | E7: +/- 5% | F7: =D7+5% -> 0.4 | G7: - | H7: =IF(D7-5%<0%,0%,D7-5%) -> 0.3 | I7: 50% מדד ממשלתי שקלי 2-5 | J7: =D7-C7 -> 0
I8: 50% מדד ממשלתי צמוד 2-5
A9: אג"ח קונצרני (סחיר בארץ ובחו"ל) | B9: 0.2421179 | C9: 0.25 | D9: 0.25 | E9: +/- 6% | F9: =D9+6% -> 0.31 | G9: - | H9: =IF(D9-6%<0%,0%,D9-6%) -> 0.19 | I9: 80% תלבונד 60 | J9: =D9-C9 -> 0
I10: 20% Barclays Global Aggregate Index
A11: אחר (מזומן, פקדונות, סחורות) | B11: 0.08107947 | C11: 0.1 | D11: 0.1 | E11: +/- 5% | F11: =D11+5% -> 0.15 | G11: - | H11: =IF(D11-5%<0%,0%,D11-5%) -> 0.05 | I11: ריבית בנק ישראל | J11: =D11-C11 -> 0
A12: סה"כ | B12: =SUM(B4:B11) -> 0.99999868 | C12: =SUM(C4:C11) -> 1 | D12: =SUM(D4:D11) -> 1 | J12: =SUM(J4:J11) -> 0
A13: חשיפה למט"ח | B13: 0.152187 | C13: 0.15 | D13: 0.15 | E13: +/- 6% | F13: =D13+6% -> 0.21 | G13: - | H13: =IF(D13-6%<0%,0%,D13-6%) -> 0.09 | I13: 80% דולר 20% אירו | J13: =D13-C13 -> 0
A14: ='הכשרה - קרן י'!$A$17 -> מגבלת עמלת ניהול חיצוני לשנת 2025 | B14: 0.0015
A16: נכסי המסלול יעקבו באמצעות מכשירים עוקבי מדד ובשיעור שלא יפחת מ-75% ולא יעלה על 100%, אחר מדדי מניות או מדדי אג"ח קונצרני או מדדי אג"ח ממשלות, או שילוב ביניהם, ולכל הפחות אחר שלושה מדדים כאמור שאינם דומים.
A17: שיעור המעקב אחר כל אחד משלושת המדדים, ששיעורם מסך נכסי המסלול הוא הגדול ביותר, לא יפחת מ-10% ולא יעלה על 50% מנכסי המסלול.
A18: יתרת נכסי המסלול יעקבו אחר מדדים שונים, למעט שיעור מהנכסים שיושקע באופן הבא:
A19: א. בנגזרים המשמשים לצרכי גידור;
A20: ב. לצורך הפקדות, משיכות והעברות כספים או טיפול בביטחונות בגין נגזרים, באחד או יותר מן הבאים:
A21: 1) מזומנים;
A22: 2) מק"מ;
A23: 3) פיקדונות שהופקדו לתקופה שאינה עולה על 12 חודשים ממועד הפקדתם;
A24: 4) באג"ח של מדינת ישראל שמועד פירעונן אינו עולה על 12 חודשים;
A25: 5) באג"ח של מדינת חוץ מאושרת שמועד פירעונן אינו עולה על 12 חודשים, ובלבד שהאג"ח והנגזר נרכשו באותה מדינת חוץ מאושרת;
A26: 6) קרן כספית שהגדרתה בתקנות השקעות משותפות בנאמנות (נכסים שמותר לקנות ולהחזיק בקרן ושיעוריהם המרביים), התשנ"ה-1994.
A27: המעקב אחר המדדים כאמור יהיה בכפוף להוראות הדין ועשוי להיות חשוף לסיכוני מטבע.

Sheet הכשרה - משולב סחיר
A1: מסלול משולב סחיר
A3: אפיק השקעה | B3: ='[1]הכשרה - קרן י'!$B$3 -> שיעור חשיפה ליום 13/12/2024 | C3: ='[1]הכשרה - קרן י'!$C$3 -> מדיניות השקעות 2024 | D3: ='[1]הכשרה - קרן י'!$D$3 -> שיעור חשיפה מומלץ לשנת 2025 | E3: טווח סטייה | F3: גבולות שיעור החשיפה המומלץ | I3: מדד ייחוס | J3: ='[1]הכשרה - קרן י'!$J$3 -> שינוי ממדיניות 2024
A4: מניות (סחיר) | B4: 0.41965 | C4: 0.42 | D4: 0.42 | E4: +/- 6% | F4: =D4+6% -> 0.48 | G4: - | H4: =IF(D4-6%<0%,0%,D4-6%) -> 0.36 | I4: 35% - ת"א 125 | J4: =D4-C4 -> 0
I5: 65% - MSCI World
A7: אג"ח ממשלתי (סחיר בארץ ובחו"ל) | B7: 0.06840938 | C7: 0.1 | D7: 0.1 | E7: +/- 5% | F7: =D7+5% -> 0.15 | G7: - | H7: =IF(D7-5%<0%,0%,D7-5%) -> 0.05 | I7: 50% מדד ממשלתי שקלי 2-5 | J7: =D7-C7 -> 0
I8: 50% מדד ממשלתי צמוד 2-5
A9: אג"ח קונצרני (סחיר בארץ ובחו"ל) | B9: 0.37256992 | C9: 0.4 | D9: 0.4 | E9: +/- 6% | F9: =D9+6% -> 0.46 | G9: - | H9: =IF(D9-6%<0%,0%,D9-6%) -> 0.34 | I9: 80% תלבונד 60 | J9: =D9-C9 -> 0
I10: 20% Barclays Global Aggregate Index
A11: אחר (מזומן, פקדונות, סחורות) | B11: 0.13937009 | C11: 0.18 | D11: 0.18 | E11: +/- 5% | F11: =D11+5% -> 0.23 | G11: - | H11: =IF(D11-5%<0%,0%,D11-5%) -> 0.13 | I11: ריבית בנק ישראל | J11: =D11-C11 -> 0
A12: סה"כ | B12: =SUM(B4:B11) -> 0.99999939 | C12: =SUM(C4:C11) -> 1.1 | D12: =SUM(D4:D11) -> 1.1 | J12: =SUM(J4:J11) -> 0
A13: חשיפה למט"ח | B13: 0.132761 | C13: 0.15 | D13: 0.15 | E13: +/- 6% | F13: =D13+6% -> 0.21 | G13: - | H13: =IF(D13-6%<0%,0%,D13-6%) -> 0.09 | I13: 80% דולר 20% אירו | J13: =D13-C13 -> 0
A14: ='[1]הכשרה - קרן י'!$A$17 -> מגבלת עמלת ניהול חיצוני לשנת 2025 | B14: 0.0015
A16: נכסי המסלול יהיו חשופים לתמהיל של מניות, אג"ח קונצרני ואג"ח ממשלתי, בארץ ובחו"ל, בשיעור חשיפה שלא יפחת מ-75% ולא יעלה על 120% מנכסי המסלול. חשיפה לנכסים כאמור תושג באמצעות השקעה בנכסים סחירים בלבד.
A17: ההשקעה עשויה להתבצע הן במישרין (בנכסי בסיס) והן באמצעות השקעה בנגזרים (לרבות חוזים עתידיים, אופציות וכתבי אופציות ולרבות נגזרים לא סחירים אשר משמשים לצרכי גידור ונגזרים לא סחירים אשר שווים נגזר מנכס בסיס סחיר), בקרנות סל ובקרנות נאמנות.
A18: יתרת הנכסים תושקע במזומנים ופיקדונות שהופקדו לתקופה שאינה עולה על 3 חודשים ממועד הפקדתם. השקעה במסלול זה עשויה להיות חשופה לסיכוני מטבע.

Sheet הכשרה אשראי ואג"ח
A1: מסלול אשראי ואג"ח בניהול הכשרה חברה לביטוח
A3: אפיק השקעה | B3: ='הכשרה - קרן י'!$B$3 -> שיעור חשיפה ליום 13/12/2024 | C3: ='הכשרה - קרן י'!$C$3 -> מדיניות השקעות 2024 | D3: ='הכשרה - קרן י'!$D$3 -> שיעור חשיפה מומלץ לשנת 2025 | E3: טווח סטייה | F3: גבולות שיעור החשיפה המומלץ | I3: מדד ייחוס | J3: ='הכשרה - קרן י'!$J$3 -> שינוי ממדיניות 2024
A4: מניות (תעודות סל, חוזים, אופציות ונגזרים) | B4: 0.036053 | C4: 0.01 | D4: 0.01 | E4: +/- 6% | F4: =D4+6% -> 0.07 | G4: - | H4: =IF(D4-6%<0%,0%,D4-6%) -> 0 | I4: 35% - ת"א 125 | J4: =D4-C4 -> 0
I5: 65% - MSCI World
A7: אג"ח ממשלתי (סחיר ולא סחיר, תעודות סל, חוזים ונגזרים) | B7: 0.239709 | C7: 0.25 | D7: 0.25 | E7: +/- 5% | F7: =D7+5% -> 0.3 | G7: - | H7: =IF(D7-5%<0%,0%,D7-5%) -> 0.2 | I7: 50% מדד ממשלתי שקלי 2-5 | J7: =D7-C7 -> 0
I8: 50% מדד ממשלתי צמוד 2-5
A9: אג"ח קונצרני (סחיר ולא סחיר, תעודות סל, חוזים ונגזרים) | B9: 0.20163056 | C9: 0.25 | D9: 0.25 | E9: +/- 6% | F9: =D9+6% -> 0.31 | G9: - | H9: =IF(D9-6%<0%,0%,D9-6%) -> 0.19 | I9: 80% תלבונד 60 | J9: =D9-C9 -> 0
I10: 20% Barclays Global Aggregate Index
A11: קרנות השקעה + קרנות גידור+קרנות נאמנות מתמחות חוב | B11: 0.51749785 | C11: 0.55 | D11: 0.55 | E11: +/- 5% | F11: =D11+5% -> 0.6 | G11: - | H11: =IF(D11-5%<0%,0%,D11-5%) -> 0.5 | I11: מדד HFRI WORLD | J11: =D11-C11 -> 0
A12: הלוואות לחברות | B12: 0.00226536 | C12: 0 | D12: 0.01 | E12: +/- 5% | F12: =D12+5% -> 0.06 | G12: - | H12: =IF(D12-5%<0%,0%,D12-5%) -> 0 | I12: ממשלתי לא צמוד 2-5 | J12: =D12-C12 -> 0.01
A13: אחר (מזומן, פקדונות, סחורות, נדל"ן) | B13: =1.226761%+2.087979% -> 0.0331474 | C13: 0.05 | D13: 0.05 | E13: +/- 5% | F13: =D13+5% -> 0.1 | G13: - | H13: =IF(D13-5%<0%,0%,D13-5%) -> 0 | I13: ריבית בנק ישראל | J13: =D13-C13 -> 0
A14: סה"כ | B14: =SUM(B4:B13) -> 1.0303032 | C14: =SUM(C4:C13) -> 1.11 | D14: =SUM(D4:D13) -> 1.12 | J14: =SUM(J4:J13) -> 0.01
A15: חשיפה למט"ח | B15: 0.062119 | C15: 0.1 | D15: 0.1 | E15: +/- 6% | F15: =D15+6% -> 0.16 | G15: - | H15: =IF(D15-6%<0%,0%,D15-6%) -> 0.04 | I15: 80% דולר 20% אירו | J15: =D15-C15 -> 0
A16: ='הכשרה - קרן י'!$A$17 -> מגבלת עמלת ניהול חיצוני לשנת 2025 | B16: 0.005
A18: נכסי המסלול יהיו חשופים לנכסים הבאים בארץ ובחו"ל: פיקדונות, אג"ח סחירות ושאינן סחירות לרבות אג"ח הכוללות רכיב המרה, וני"ע מסחריים, שהנפיקו תאגידים או ממשלות, הלוואות שאינן סחירות שהועמדו לתאגידים ולפרטיים,
A19: קרנות השקעה וקרנות סל אשר מירב נכסיהן מושקעים באפיקי חוב, בשיעור חשיפה שלא יפחת מ-75% ולא יעלה על 120% מנכסי המסלול.
A20: חשיפה לנכסים כאמור תושג באמצעות השקעה במישרין והן באמצעות השקעה בנגזרים (לרבות חוזים עתידיים, אופציות וכתבי אופציות), בקרנות סל, בקרנות נאמנות ובקרנות השקעה המתמחות בחוב.
A21: החל מיום 1 ביולי 2024 השקעה בקרנות השקעה מתמחות בחוב תהיה בתנאי שבהתאם למדיניות ההשקעה שלהן, שיעור החשיפה לחוב לא יפחת מ 75%.
A22: יתרת הנכסים תושקע בכפוף להוראות הדין ובתנאי ששיעור החשיפה הכולל במסלול לא יעלה על 120% מנכסי המסלול.
A23: השקעה במסלול זה עשויה להיות חשופה לסיכוני מטבע.

Sheet הכשרה אשראי ואג"ח (25% מניות)
A1: מסלול אשראי ואג"ח (עד 25% מניות) בניהול הכשרה חברה לביטוח
A3: אפיק השקעה | B3: ='הכשרה - קרן י'!$B$3 -> שיעור חשיפה ליום 13/12/2024 | C3: ='הכשרה - קרן י'!$C$3 -> מדיניות השקעות 2024 | D3: ='הכשרה - קרן י'!$D$3 -> שיעור חשיפה מומלץ לשנת 2025 | E3: טווח סטייה | F3: גבולות שיעור החשיפה המומלץ | I3: מדד ייחוס | J3: ='הכשרה - קרן י'!$J$3 -> שינוי ממדיניות 2024
A4: מניות (תעודות סל, חוזים, אופציות ונגזרים) | B4: 0.191672 | C4: 0.19 | D4: 0.19 | E4: +/- 6% | F4: =D4+6% -> 0.25 | G4: - | H4: =IF(D4-6%<0%,0%,D4-6%) -> 0.13 | I4: 35% - ת"א 125 | J4: =D4-C4 -> 0
I5: 65% - MSCI World
A7: אג"ח ממשלתי (סחיר ולא סחיר, תעודות סל, חוזים ונגזרים) | B7: 0.43430419 | C7: 0.4 | D7: 0.41 | E7: +/- 5% | F7: =D7+5% -> 0.46 | G7: - | H7: =IF(D7-5%<0%,0%,D7-5%) -> 0.36 | I7: 50% מדד ממשלתי שקלי 2-5 | J7: =D7-C7 -> 0.01
I8: 50% מדד ממשלתי צמוד 2-5
A9: אג"ח קונצרני (סחיר ולא סחיר, תעודות סל, חוזים ונגזרים) | B9: 0.31750358 | C9: 0.35 | D9: 0.35 | E9: +/- 6% | F9: =D9+6% -> 0.41 | G9: - | H9: =IF(D9-6%<0%,0%,D9-6%) -> 0.29 | I9: 80% תלבונד 60 | J9: =D9-C9 -> 0
I10: 20% Barclays Global Aggregate Index
A11: אחר (מזומן, פקדונות, סחורות, נדל"ן) | B11: 0.05651889 | C11: 0.06 | D11: 0.05 | E11: +/- 5% | F11: =D11+5% -> 0.1 | G11: - | H11: =IF(D11-5%<0%,0%,D11-5%) -> 0 | I11: ריבית בנק ישראל | J11: =D11-C11 -> -0.01
A12: סה"כ | B12: =SUM(B4:B11) -> 0.99999866 | C12: =SUM(C4:C11) -> 1 | D12: =SUM(D4:D11) -> 1 | J12: =SUM(J4:J11) -> -4.1633363e-17
A13: חשיפה למט"ח | B13: 0.098057 | C13: 0.1 | D13: 0.1 | E13: +/- 6% | F13: =D13+6% -> 0.16 | G13: - | H13: =IF(D13-6%<0%,0%,D13-6%) -> 0.04 | I13: 80% דולר 20% אירו | J13: =D13-C13 -> 0
A14: ='הכשרה - קרן י'!$A$17 -> מגבלת עמלת ניהול חיצוני לשנת 2025 | B14: 0.0015
A16: נכסי המסלול יהיו חשופים לאשראי ואג"ח באמצעות הנכסים הבאים בארץ ובחו"ל: פיקדונות, אג"ח סחירות ושאינן סחירות לרבות אג"ח הכוללות רכיב המרה, ני"ע מסחריים,
A17: שהנפיקו תאגידים או ממשלות, הלוואות שאינן סחירות שהועמדו לתאגידים ולפרטיים, קרנות השקעה וקרנות סל אשר מירב נכסיהן מושקעים באפיקי חוב, בשיעור חשיפה שלא יפחת מ-75%.
A18: חשיפה למניות תהיה בשיעור שלא יעלה על 25% מנכסי המסלול. שיעור החשיפה הכולל במסלול לא יעלה על 120% מנכסי המסלול.
A19: חשיפה לנכסים כאמור תושג באמצעות השקעה במישרין והן באמצעות השקעה בנגזרים (לרבות חוזים עתידיים, אופציות וכתבי אופציות), בקרנות סל, בקרנות נאמנות, בקרנות השקעה ובקרנות השקעה המתמחות בחוב.
A20: החל מיום 1 ביולי 2024 השקעה בקרנות השקעה מתמחות בחוב תהיה בתנאי שבהתאם למדיניות ההשקעה שלהן, שיעור החשיפה לחוב לא יפחת מ 75%.
A21: יתרת הנכסים תושקע בכפוף להוראות הדין ובתנאי ששיעור החשיפה הכולל במסלול לא יעלה על 120% מנכסי המסלול. השקעה במסלול זה עשויה להיות חשופה לסיכוני מטבע.
A23: בתאריך 19.03.2025 אישר הדירקטוריון את השינוי הבא
A24: אפיק השקעה | B24: מדיניות קודמת | C24: שינוי החל מתאריך 19.03.25 | D24: שינוי ממדיניות קודמת | E24: טווח סטייה | F24: גבולות שיעור החשיפה המומלץ
A25: אג"ח ממשלתי (סחיר ולא סחיר, תעודות סל, חוזים ונגזרים) | B25: 0.41 | C25: 0.36 | D25: =C25-B25 -> -0.05 | E25: +/- 5% | F25: =C25+5% -> 0.41 | G25: - | H25: =IF(C25-5%<0%,0%,C25-5%) -> 0.31
A26: אג"ח קונצרני (סחיר ולא סחיר, תעודות סל, חוזים ונגזרים) | B26: 0.35 | C26: 0.3 | D26: =C26-B26 -> -0.05 | E26: +/- 6% | F26: =C26+6% -> 0.36 | G26: - | H26: =IF(C26-6%<0%,0%,C26-6%) -> 0.24
A27: קרנות השקעה + קרנות גידור+קרנות נאמנות מתמחות חוב | B27: 0 | C27: 0.14 | D27: =C27-B27 -> 0.14 | E27: +/- 5% | F27: =C27+5% -> 0.19 | G27: - | H27: =IF(C27-5%<0%,0%,C27-5%) -> 0.09

Sheet אג"ח ממשלות
A2: מסלול אג"ח ממשלות בניהול: אלטשולר שחם, מיטב, ילין לפידות, מור, אנליסט
A3: אפיק השקעה | B3: שיעור חשיפה ליום 13/12/2024 (ממוצע כלל המנהלים) | C3: ='הכשרה - קרן י'!$C$3 -> מדיניות השקעות 2024 | D3: ='הכשרה - קרן י'!$D$3 -> שיעור חשיפה מומלץ לשנת 2025 | E3: טווח סטייה | F3: גבולות שיעור החשיפה המומלץ | I3: מדד ייחוס | J3: ='הכשרה - קרן י'!$J$3 -> שינוי ממדיניות 2024
A4: מניות (תעודות סל, קרנות נאמנות, חוזים אופציות ונגזרים) | B4: 0.0056012 | C4: 0.01 | D4: 0.01 | E4: +/- 6% | F4: =D4+6% -> 0.07 | G4: - | H4: =IF(D4-6%<0%,0%,D4-6%) -> 0 | I4: 35% - ת"א 125 | J4: =D4-C4 -> 0
I5: 65% - MSCI World
A7: אג"ח ממשלתי (סחיר ולא סחיר, קרנות נאמנות, תעודות סל, חוזים ונגזרים) | B7: 0.831026 | C7: 0.85 | D7: 0.85 | E7: +/- 5% | F7: =D7+5% -> 0.9 | G7: - | H7: =IF(D7-5%<0%,0%,D7-5%) -> 0.8 | I7: 50% מדד ממשלתי שקלי 2-5 | J7: =D7-C7 -> 0
I8: 50% מדד ממשלתי צמוד 2-5
A9: אג"ח קונצרני (סחיר ולא סחיר, קרנות נאמנות, תעודות סל, חוזים ונגזרים) | B9: 0.158789 | C9: 0.15 | D9: 0.15 | E9: +/- 6% | F9: =D9+6% -> 0.21 | G9: - | H9: =IF(D9-6%<0%,0%,D9-6%) -> 0.09 | I9: 80% תלבונד 60 | J9: =D9-C9 -> 0
I10: 20% Barclays Global Aggregate Index
A11: קרנות השקעה + קרנות גידור | B11: 0.005871 | C11: 0.05 | D11: 0.05 | E11: +/- 5% | F11: =D11+5% -> 0.1 | G11: - | H11: =IF(D11-5%<0%,0%,D11-5%) -> 0 | I11: מדד HFRI WORLD | J11: =D11-C11 -> 0
A12: הלוואות לחברות + הלוואות עמיתים | B12: 0.007895 | C12: 0.01 | D12: 0.01 | E12: +/- 5% | F12: =D12+5% -> 0.06 | G12: - | H12: =IF(D12-5%<0%,0%,D12-5%) -> 0 | I12: ממשלתי לא צמוד 2-5 | J12: =D12-C12 -> 0
A13: אחר (מזומן, פקדונות, סחורות, נדל"ן) | B13: 0.0304949 | C13: 0.05 | D13: 0.05 | E13: +/- 5% | F13: =D13+5% -> 0.1 | G13: - | H13: =IF(D13-5%<0%,0%,D13-5%) -> 0 | I13: ריבית בנק ישראל | J13: =D13-C13 -> 0
A14: סה"כ | B14: =SUM(B4:B13) -> 1.0396771 | C14: =SUM(C4:C13) -> 1.12 | D14: =SUM(D4:D13) -> 1.12 | J14: =SUM(J4:J13) -> 0
A15: חשיפה למט"ח | B15: 0.055658 | C15: 0.06 | D15: 0.06 | E15: +/- 6% | F15: =D15+6% -> 0.12 | G15: - | H15: =IF(D15-6%<0%,0%,D15-6%) -> 0 | I15: 80% דולר 20% אירו | J15: =D15-C15 -> 0
A16: ='הכשרה - קרן י'!$A$17 -> מגבלת עמלת ניהול חיצוני לשנת 2025 | B16: 0.0015
A17: מסלול אג"ח ממשלות בניהול: הכשרה חברה לביטוח
A18: אפיק השקעה | B18: שיעור חשיפה ליום 13/12/2024 | C18: ='הכשרה - קרן י'!$C$3 -> מדיניות השקעות 2024 | D18: ='הכשרה - קרן י'!$D$3 -> שיעור חשיפה מומלץ לשנת 2025 | E18: טווח סטייה | F18: גבולות שיעור החשיפה המומלץ | I18: מדד ייחוס | J18: ='הכשרה - קרן י'!$J$3 -> שינוי ממדיניות 2024
A19: מניות (תעודות סל, קרנות נאמנות, חוזים אופציות ונגזרים) | B19: 0.05411 | C19: 0.01 | D19: 0.01 | E19: +/- 6% | F19: =D19+6% -> 0.07 | G19: - | H19: =IF(D19-6%<0%,0%,D19-6%) -> 0 | I19: 35% - ת"א 125 | J19: =D19-C19 -> 0
I20: 65% - MSCI World
A22: אג"ח ממשלתי (סחיר ולא סחיר, קרנות נאמנות, תעודות סל, חוזים ונגזרים) | B22: 0.86471242 | C22: 0.9 | D22: 0.87 | E22: +/- 5% | F22: =D22+5% -> 0.92 | G22: - | H22: =IF(D22-5%<0%,0%,D22-5%) -> 0.82 | I22: 50% מדד ממשלתי שקלי 2-5 | J22: =D22-C22 -> -0.03
I23: 50% מדד ממשלתי צמוד 2-5
A24: אג"ח קונצרני (סחיר ולא סחיר, קרנות נאמנות, תעודות סל, חוזים ונגזרים) | B24: 0.07680967 | C24: 0.12 | D24: 0.09 | E24: +/- 6% | F24: =D24+6% -> 0.15 | G24: - | H24: =IF(D24-6%<0%,0%,D24-6%) -> 0.03 | I24: 80% תלבונד 60 | J24: =D24-C24 -> -0.03
I25: 20% Barclays Global Aggregate Index
A26: קרנות השקעה + קרנות גידור | B26: 0.08207566 | C26: 0.05 | D26: 0.05 | E26: +/- 5% | F26: =D26+5% -> 0.1 | G26: - | H26: =IF(D26-5%<0%,0%,D26-5%) -> 0 | I26: מדד HFRI WORLD | J26: =D26-C26 -> 0
A27: הלוואות לחברות + הלוואות עמיתים | B27: 0.00905804 | C27: 0.01 | D27: 0.01 | E27: +/- 5% | F27: =D27+5% -> 0.06 | G27: - | H27: =IF(D27-5%<0%,0%,D27-5%) -> 0 | I27: ממשלתי לא צמוד 2-5 | J27: =D27-C27 -> 0
A28: אחר (מזומן, פקדונות, סחורות, נדל"ן) | B28: 0.01937256 | C28: 0.05 | D28: 0.05 | E28: +/- 5% | F28: =D28+5% -> 0.1 | G28: - | H28: =IF(D28-5%<0%,0%,D28-5%) -> 0 | I28: ריבית בנק ישראל | J28: =D28-C28 -> 0
A29: סה"כ | B29: =SUM(B19:B28) -> 1.1061384 | C29: =SUM(C19:C28) -> 1.14 | D29: =SUM(D19:D28) -> 1.08 | J29: =SUM(J19:J28) -> -0.06
A30: חשיפה למט"ח | B30: 0.052875 | C30: 0.06 | D30: 0.06 | E30: +/- 6% | F30: =D30+6% -> 0.12 | G30: - | H30: =IF(D30-6%<0%,0%,D30-6%) -> 0 | I30: 80% דולר 20% אירו | J30: =D30-C30 -> 0
A31: ='הכשרה - קרן י'!$A$17 -> מגבלת עמלת ניהול חיצוני לשנת 2025 | B31: 0.0015
A33: נכסי המסלול יהיו חשופים לאג"ח של ממשלות בדירוג של מדינת חוץ מאושרת כהגדרתה בתקנות כללי השקעה, בשיעור חשיפה שלא יפחת מ-75% ולא יעלה על 120% מנכסי המסלול.
A34: חשיפה לנכסים כאמור תושג באמצעות השקעה במישרין והן באמצעות השקעה בנגזרים (לרבות חוזים עתידיים, אופציות וכתבי אופציות), בקרנות סל ובקרנות נאמנות.
A35: יתרת הנכסים תושקע בכפוף להוראות הדין ובתנאי ששיעור החשיפה הכולל במסלול לא יעלה על 120% מנכסי המסלול.
A36: השקעה במסלול זה עשויה להיות חשופה לסיכוני מטבע.

Sheet מסלול מניות
A1: מסלול מניות בניהול :
A2: הכשרה חברה לביטוח, אלטשולר שחם, מיטב, ילין לפידות, מור, אנליסט
A4: אפיק השקעה | B4: שיעור חשיפה ליום 13/12/2024 (ממוצע כלל המנהלים) | C4: ='הכשרה - קרן י'!$C$3 -> מדיניות השקעות 2024 | D4: ='הכשרה - קרן י'!$D$3 -> שיעור חשיפה מומלץ לשנת 2025 | E4: טווח סטייה | F4: גבולות שיעור החשיפה המומלץ | I4: מדד ייחוס | J4: ='הכשרה - קרן י'!$J$3 -> שינוי ממדיניות 2024
A5: מניות (תעודות סל, קרנות נאמנות, חוזים אופציות ונגזרים) | B5: 0.935751 | C5: 0.92 | D5: 0.94 | E5: +/- 6% | F5: =D5+6% -> 1 | G5: - | H5: =IF(D5-6%<0%,0%,D5-6%) -> 0.88 | I5: 35% - ת"א 125 | J5: =D5-C5 -> 0.02
I6: 65% - MSCI World
A8: אג"ח ממשלתי (סחיר ולא סחיר, קרנות נאמנות, תעודות סל, חוזים ונגזרים) | B8: 0.093827 | C8: 0.1 | D8: 0.06 | E8: +/- 5% | F8: =D8+5% -> 0.11 | G8: - | H8: =IF(D8-5%<0%,0%,D8-5%) -> 0.01 | I8: 50% מדד ממשלתי שקלי 2-5 | J8: =D8-C8 -> -0.04
I9: 50% מדד ממשלתי צמוד 2-5
A10: אג"ח קונצרני (סחיר ולא סחיר, קרנות נאמנות, תעודות סל, חוזים ונגזרים) | B10: 0.020947 | C10: 0.01 | D10: 0.01 | E10: +/- 6% | F10: =D10+6% -> 0.07 | G10: - | H10: =IF(D10-6%<0%,0%,D10-6%) -> 0 | I10: 80% תלבונד 60 | J10: =D10-C10 -> 0
I11: 20% Barclays Global Aggregate Index
A12: קרנות השקעה + קרנות גידור | B12: 0.037777 | C12: 0.05 | D12: 0.05 | E12: +/- 5% | F12: =D12+5% -> 0.1 | G12: - | H12: =IF(D12-5%<0%,0%,D12-5%) -> 0 | I12: מדד HFRI WORLD | J12: =D12-C12 -> 0
A13: הלוואות לחברות | B13: 0.005286 | C13: 0.01 | D13: 0.01 | E13: +/- 5% | F13: =D13+5% -> 0.06 | G13: - | H13: =IF(D13-5%<0%,0%,D13-5%) -> 0 | I13: ממשלתי לא צמוד 2-5 | J13: =D13-C13 -> 0
A14: אחר (מזומן, פקדונות, סחורות, נדל"ן) | B14: 0.090208 | C14: 0.11 | D14: 0.13 | E14: +/- 5% | F14: =D14+5% -> 0.18 | G14: - | H14: =IF(D14-5%<0%,0%,D14-5%) -> 0.08 | I14: ריבית בנק ישראל | J14: =D14-C14 -> 0.02
A15: סה"כ | B15: =SUM(B5:B14) -> 1.183796 | C15: =SUM(C5:C14) -> 1.2 | D15: =SUM(D5:D14) -> 1.2 | J15: =SUM(J5:J14) -> -9.7144515e-17
A16: חשיפה למט"ח | B16: 0.376772 | C16: 0.38 | D16: 0.38 | E16: +/- 6% | F16: =D16+6% -> 0.44 | G16: - | H16: =IF(D16-6%<0%,0%,D16-6%) -> 0.32 | I16: 80% דולר 20% אירו | J16: =D16-C16 -> 0
A17: ='הכשרה - קרן י'!$A$17 -> מגבלת עמלת ניהול חיצוני לשנת 2025 | B17: 0.0025
A19: נכסי המסלול יהיו חשופים למניות בארץ ובחו"ל, בשיעור חשיפה שלא יפחת מ-75% ולא יעלה על 120% מנכסי המסלול.
A20: חשיפה לנכסים כאמור תושג באמצעות השקעה במישרין ובאמצעות השקעה בנגזרים (לרבות חוזים עתידיים, אופציות וכתבי אופציות), בקרנות סל, בקרנות נאמנות ובקרנות השקעה.
A21: יתרת הנכסים תושקע בכפוף להוראות הדין ובתנאי ששיעור החשיפה הכולל במסלול לא יעלה על 120% מנכסי המסלול.
A22: השקעה במסלול זה עשויה להיות חשופה לסיכוני מטבע.

Sheet הכשרה - עוקב מדד S&P500
A1: הכשרה - עוקב מדד S&P500
A3: אפיק | B3: ='הכשרה - קרן י'!$B$3 -> שיעור חשיפה ליום 13/12/2024 | C3: ='הכשרה - קרן י'!$C$3 -> מדיניות השקעות 2024 | D3: ='הכשרה - קרן י'!$D$3 -> שיעור חשיפה מומלץ לשנת 2025 | E3: טווח סטייה | F3: גבולות שיעור החשיפה המומלץ | I3: מדד ייחוס | J3: ='הכשרה - קרן י'!$J$3 -> שינוי ממדיניות 2024
A4: מניות | B4: 1 | C4: 1 | D4: 1 | E4: +/- 6% | F4: =D4 -> 1 | G4: - | H4: =IF(D4-6%<0%,0%,D4-6%) -> 0.94 | I4: S&P500 - 100% | J4: =D4-C4 -> 0
A5: סה"כ | B5: =SUM(B4) -> 1 | C5: =SUM(C4) -> 1 | D5: =SUM(D4) -> 1 | J5: =SUM(J4) -> 0
A6: חשיפה למט"ח | B6: 0.988874 | C6: 1 | D6: 1 | E6: +/- 6% | F6: =D6+6% -> 1.06 | G6: - | H6: =IF(D6-6%<0%,0%,D6-6%) -> 0.94 | I6: 100% - דולר | J6: =D6-C6 -> 0
A7: ='הכשרה - קרן י'!$A$17 -> מגבלת עמלת ניהול חיצוני לשנת 2025 | B7: 0.0025 | D7: 0.0025
A9: נכסי המסלול, יעקבו באמצעות מכשירים עוקבי מדד ונגזרים (לרבות חוזים עתידיים, אופציות וכתבי אופציות) ובשיעור חשיפה שלא יעלה על 100% מנכסי המסלול, אחר מדד 500 S&P.
A10: נכסי המסלול העוקבים אחר המדד יהיו כל נכסי המסלול למעט שיעור מהנכסים שיושקע באופן הבא:
A11: א. בנגזרים המשמשים לצרכי גידור;
A12: ב. לצורך הפקדות, משיכות והעברות כספים או טיפול בביטחונות בגין נגזרים, באחד או יותר מן הבאים:
A13: 1) מזומנים;
A14: 2) מק"מ;
A15: 3) פיקדונות שהופקדו לתקופה שאינה עולה על 12 חודשים ממועד הפקדתם,
A16: 4) אג"ח של מדינת ישראל שמועד פירעונן אינו עולה על 12 חודשים;
A17: 5) באג"ח של מדינת חוץ מאושרת שמועד פירעונן אינו עולה על 12 חודשים, ובלבד שהאג"ח והנגזר נרכשו באותה מדינת חוץ מאושרת;
A18: 6) קרן כספית שהגדרתה בתקנות השקעות משותפות בנאמנות (נכסים שמותר לקנות ולהחזיק בקרן ושיעוריהם המרביים), התשנ"ה-1994.
A19: המעקב אחר המדד יהיה בכפוף להוראות הדין ועשוי להיות חשוף לסיכוני מטבע.

Sheet בתי השקעות - כללי
B2: מסלול כללי אלטשולר שחם 2025
B4: אפיק השקעה | C4: שיעור חשיפה ליום 13/12/2024 | D4: מדיניות השקעות 2024 | E4: שיעור חשיפה מומלץ לשנת 2025 | F4: טווח סטייה | G4: גבולות שיעור החשיפה המומלץ | J4: מדד ייחוס | K4: שינוי מ- 2024
B5: מניות (תעודות סל, קרנות נאמנות, חוזים אופציות ונגזרים) | C5: 0.450721 | D5: 0.46 | E5: 0.46 | F5: +/- 6% | G5: =E5+6% -> 0.52 | H5: - | I5: =IF(E5-6%<0%,0%,E5-6%) -> 0.4 | J5: 35% - ת"א 125 | K5: =E5-D5 -> 0
J6: 65% - MSCI World
B8: אג"ח ממשלתי (סחיר ולא סחיר, קרנות נאמנות, תעודות סל, חוזים ונגזרים) | C8: 0.44857249 | D8: 0.41 | E8: 0.44 | F8: +/- 5% | G8: =E8+5% -> 0.49 | H8: - | I8: =IF(E8-5%<0%,0%,E8-5%) -> 0.39 | J8: 50% מדד ממשלתי שקלי 2-5 | K8: =E8-D8 -> 0.03
J9: 50% מדד ממשלתי צמוד 2-5
B10: אג"ח קונצרני (סחיר ולא סחיר, קרנות נאמנות, תעודות סל, חוזים ונגזרים) | C10: 0.13515207 | D10: 0.17 | E10: 0.13 | F10: +/- 6% | G10: =E10+6% -> 0.19 | H10: - | I10: =IF(E10-6%<0%,0%,E10-6%) -> 0.07 | J10: 80% תלבונד 60 | K10: =E10-D10 -> -0.04
J11: 20% Barclays Global Aggregate Index
B12: קרנות השקעה + קרנות גידור | C12: 0 | D12: 0 | E12: 0 | F12: +/- 5% | G12: =E12+5% -> 0.05 | H12: - | I12: =IF(E12-5%<0%,0%,E12-5%) -> 0 | J12: מדד HFRI WORLD | K12: =E12-D12 -> 0
B13: הלוואות לחברות + הלוואות עמיתים | C13: 0.02462762 | D13: 0.01 | E13: 0.01 | F13: +/- 5% | G13: =E13+5% -> 0.06 | H13: - | I13: =IF(E13-5%<0%,0%,E13-5%) -> 0 | J13: ממשלתי לא צמוד 2-5 | K13: =E13-D13 -> 0
B14: אחר (מזומן, פקדונות, סחורות) | C14: 0.08964131 | D14: 0.09 | E14: 0.09 | F14: +/- 5% | G14: =E14+5% -> 0.14 | H14: - | I14: =IF(E14-5%<0%,0%,E14-5%) -> 0.04 | J14: ריבית בנק ישראל | K14: =E14-D14 -> 0
B15: סה"כ | C15: =SUM(C5:C14) -> 1.1487145 | D15: =SUM(D5:D14) -> 1.14 | E15: =SUM(E5:E14) -> 1.13 | K15: =E15-D15 -> -0.01
B16: חשיפה למט"ח | C16: 0.235833 | D16: 0.24 | E16: 0.24 | F16: +/- 6% | G16: =E16+6% -> 0.3 | H16: - | I16: =IF(E16-6%<0%,0%,E16-6%) -> 0.18 | J16: 80% דולר 20% אירו | K16: =E16-D16 -> 0
B17: ='הכשרה - קרן י'!$A$17 -> מגבלת עמלת ניהול חיצוני לשנת 2025 | C17: 0.0025
B20: מסלול כללי מיטב 2025
B22: אפיק השקעה | C22: =$C$4 -> שיעור חשיפה ליום 13/12/2024 | D22: =$D$4 -> מדיניות השקעות 2024 | E22: =$E$4 -> שיעור חשיפה מומלץ לשנת 2025 | F22: טווח סטייה | G22: גבולות שיעור החשיפה המומלץ | J22: מדד ייחוס | K22: =$K$4 -> שינוי מ- 2024
B23: מניות (תעודות סל, קרנות נאמנות, חוזים אופציות ונגזרים) | C23: 0.443381 | D23: 0.41 | E23: 0.42 | F23: +/- 6% | G23: =E23+6% -> 0.48 | H23: - | I23: =IF(E23-6%<0%,0%,E23-6%) -> 0.36 | J23: 35% - ת"א 125 | K23: =E23-D23 -> 0.01
J24: 65% - MSCI World
B26: אג"ח ממשלתי (סחיר ולא סחיר, קרנות נאמנות, תעודות סל, חוזים ונגזרים) | C26: 0.29024815 | D26: 0.31 | E26: 0.3 | F26: +/- 5% | G26: =E26+5% -> 0.35 | H26: - | I26: =IF(E26-5%<0%,0%,E26-5%) -> 0.25 | J26: 50% מדד ממשלתי שקלי 2-5 | K26: =E26-D26 -> -0.01
J27: 50% מדד ממשלתי צמוד 2-5
B28: אג"ח קונצרני (סחיר ולא סחיר, קרנות נאמנות, תעודות סל, חוזים ונגזרים) | C28: 0.20597191 | D28: 0.22 | E28: 0.22 | F28: +/- 6% | G28: =E28+6% -> 0.28 | H28: - | I28: =IF(E28-6%<0%,0%,E28-6%) -> 0.16 | J28: 80% תלבונד 60 | K28: =E28-D28 -> 0
J29: 20% Barclays Global Aggregate Index
B30: קרנות השקעה + קרנות גידור | C30: 0 | D30: 0 | E30: 0 | F30: +/- 5% | G30: =E30+5% -> 0.05 | H30: - | I30: =IF(E30-5%<0%,0%,E30-5%) -> 0 | J30: מדד HFRI WORLD | K30: =E30-D30 -> 0
B31: הלוואות לחברות + הלוואות עמיתים | C31: 0.01238754 | D31: 0.02 | E31: 0.02 | F31: +/- 5% | G31: =E31+5% -> 0.07 | H31: - | I31: =IF(E31-5%<0%,0%,E31-5%) -> 0 | J31: ממשלתי לא צמוד 2-5 | K31: =E31-D31 -> 0
B32: אחר (מזומן, פקדונות, סחורות) | C32: 0.04800952 | D32: 0.04 | E32: 0.04 | F32: +/- 5% | G32: =E32+5% -> 0.09 | H32: - | I32: =IF(E32-5%<0%,0%,E32-5%) -> 0 | J32: ריבית בנק ישראל | K32: =E32-D32 -> 0
B33: סה"כ | C33: =SUM(C23:C32) -> 0.99999812 | D33: =SUM(D23:D32) -> 1 | E33: =SUM(E23:E32) -> 1 | K33: =E33-D33 -> 0
B34: חשיפה למט"ח | C34: 0.185859 | D34: 0.18 | E34: 0.18 | F34: +/- 6% | G34: =E34+6% -> 0.24 | H34: - | I34: =IF(E34-6%<0%,0%,E34-6%) -> 0.12 | J34: 80% דולר 20% אירו | K34: =E34-D34 -> 0
B35: =$B$17 -> מגבלת עמלת ניהול חיצוני לשנת 2025 | C35: 0.0025
B38: מסלול כללי ילין 2025
B40: אפיק השקעה | C40: =$C$4 -> שיעור חשיפה ליום 13/12/2024 | D40: =$D$4 -> מדיניות השקעות 2024 | E40: =$E$4 -> שיעור חשיפה מומלץ לשנת 2025 | F40: טווח סטייה | G40: גבולות שיעור החשיפה המומלץ | J40: מדד ייחוס | K40: =$K$4 -> שינוי מ- 2024
B41: מניות (תעודות סל, קרנות נאמנות, חוזים אופציות ונגזרים) | C41: 0.459616 | D41: 0.45 | E41: 0.46 | F41: +/- 6% | G41: =E41+6% -> 0.52 | H41: - | I41: =IF(E41-6%<0%,0%,E41-6%) -> 0.4 | J41: 35% - ת"א 125 | K41: =E41-D41 -> 0.01
J42: 65% - MSCI World
B44: אג"ח ממשלתי (סחיר ולא סחיר, קרנות נאמנות, תעודות סל, חוזים ונגזרים) | C44: 0.40045832 | D44: 0.39 | E44: 0.42 | F44: +/- 5% | G44: =E44+5% -> 0.47 | H44: - | I44: =IF(E44-5%<0%,0%,E44-5%) -> 0.37 | J44: 50% מדד ממשלתי שקלי 2-5 | K44: =E44-D44 -> 0.03
J45: 50% מדד ממשלתי צמוד 2-5
B46: אג"ח קונצרני (סחיר ולא סחיר, קרנות נאמנות, תעודות סל, חוזים ונגזרים) | C46: 0.23951911 | D46: 0.25 | E46: 0.24 | F46: +/- 6% | G46: =E46+6% -> 0.3 | H46: - | I46: =IF(E46-6%<0%,0%,E46-6%) -> 0.18 | J46: 80% תלבונד 60 | K46: =E46-D46 -> -0.01
J47: 20% Barclays Global Aggregate Index
B48: קרנות השקעה + קרנות גידור | C48: 0.00340396 | D48: 0.01 | E48: 0.01 | F48: +/- 5% | G48: =E48+5% -> 0.06 | H48: - | I48: =IF(E48-5%<0%,0%,E48-5%) -> 0 | J48: מדד HFRI WORLD | K48: =E48-D48 -> 0
B49: הלוואות לחברות + הלוואות עמיתים | C49: 0.01521273 | D49: 0.02 | E49: 0.02 | F49: +/- 5% | G49: =E49+5% -> 0.07 | H49: - | I49: =IF(E49-5%<0%,0%,E49-5%) -> 0 | J49: ממשלתי לא צמוד 2-5 | K49: =E49-D49 -> 0
B50: אחר (מזומן, פקדונות, סחורות) | C50: 0.08211688 | D50: 0.06 | E50: 0.06 | F50: +/- 5% | G50: =E50+5% -> 0.11 | H50: - | I50: =IF(E50-5%<0%,0%,E50-5%) -> 0.01 | J50: ריבית בנק ישראל | K50: =E50-D50 -> 0
B51: סה"כ | C51: =SUM(C41:C50) -> 1.200327 | D51: =SUM(D41:D50) -> 1.18 | E51: =SUM(E41:E50) -> 1.21 | K51: =E51-D51 -> 0.03
B52: חשיפה למט"ח | C52: 0.271628 | D52: 0.24 | E52: 0.26 | F52: +/- 6% | G52: =E52+6% -> 0.32 | H52: - | I52: =IF(E52-6%<0%,0%,E52-6%) -> 0.2 | J52: 80% דולר 20% אירו | K52: =E52-D52 -> 0.02
B53: =$B$17 -> מגבלת עמלת ניהול חיצוני לשנת 2025 | C53: 0.0025
B56: מסלול כללי מור 2025
B58: אפיק השקעה | C58: =$C$4 -> שיעור חשיפה ליום 13/12/2024 | D58: =$D$4 -> מדיניות השקעות 2024 | E58: =$E$4 -> שיעור חשיפה מומלץ לשנת 2025 | F58: טווח סטייה | G58: גבולות שיעור החשיפה המומלץ | J58: מדד ייחוס | K58: =$K$4 -> שינוי מ- 2024
B59: מניות (תעודות סל, קרנות נאמנות, חוזים אופציות ונגזרים) | C59: 0.451722 | D59: 0.4 | E59: 0.44 | F59: +/- 6% | G59: =E59+6% -> 0.5 | H59: - | I59: =IF(E59-6%<0%,0%,E59-6%) -> 0.38 | J59: 35% - ת"א 125 | K59: =E59-D59 -> 0.04
J60: 65% - MSCI World
B62: אג"ח ממשלתי (סחיר ולא סחיר, קרנות נאמנות, תעודות סל, חוזים ונגזרים) | C62: 0.28268728 | D62: 0.33 | E62: 0.28 | F62: +/- 5% | G62: =E62+5% -> 0.33 | H62: - | I62: =IF(E62-5%<0%,0%,E62-5%) -> 0.23 | J62: 50% מדד ממשלתי שקלי 2-5 | K62: =E62-D62 -> -0.05
J63: 50% מדד ממשלתי צמוד 2-5
B64: אג"ח קונצרני (סחיר ולא סחיר, קרנות נאמנות, תעודות סל, חוזים ונגזרים) | C64: 0.27534337 | D64: 0.25 | E64: 0.3 | F64: +/- 6% | G64: =E64+6% -> 0.36 | H64: - | I64: =IF(E64-6%<0%,0%,E64-6%) -> 0.24 | J64: 80% תלבונד 60 | K64: =E64-D64 -> 0.05
J65: 20% Barclays Global Aggregate Index
B66: קרנות השקעה + קרנות גידור | C66: 0.00559229 | D66: 0.01 | E66: 0.01 | F66: +/- 5% | G66: =E66+5% -> 0.06 | H66: - | I66: =IF(E66-5%<0%,0%,E66-5%) -> 0 | J66: מדד HFRI WORLD | K66: =E66-D66 -> 0
B67: הלוואות לחברות + הלוואות עמיתים | C67: 0.01997841 | D67: 0.05 | E67: 0.05 | F67: +/- 5% | G67: =E67+5% -> 0.1 | H67: - | I67: =IF(E67-5%<0%,0%,E67-5%) -> 0 | J67: ממשלתי לא צמוד 2-5 | K67: =E67-D67 -> 0
B68: אחר (מזומן, פקדונות, סחורות) | C68: 0.09259994 | D68: 0.12 | E68: 0.08 | F68: +/- 5% | G68: =E68+5% -> 0.13 | H68: - | I68: =IF(E68-5%<0%,0%,E68-5%) -> 0.03 | J68: ריבית בנק ישראל | K68: =E68-D68 -> -0.04
B69: סה"כ | C69: =SUM(C59:C68) -> 1.1279233 | D69: =SUM(D59:D68) -> 1.16 | E69: =SUM(E59:E68) -> 1.16 | K69: =E69-D69 -> 0
B70: חשיפה למט"ח | C70: 0.224798 | D70: 0.2 | E70: 0.2 | F70: +/- 6% | G70: =E70+6% -> 0.26 | H70: - | I70: =IF(E70-6%<0%,0%,E70-6%) -> 0.14 | J70: 80% דולר 20% אירו | K70: =E70-D70 -> 0
B71: =$B$17 -> מגבלת עמלת ניהול חיצוני לשנת 2025 | C71: 0.0025
B74: מסלול כללי אנליסט 2025
B76: אפיק השקעה | C76: =$C$4 -> שיעור חשיפה ליום 13/12/2024 | D76: =$D$4 -> מדיניות השקעות 2024 | E76: =$E$4 -> שיעור חשיפה מומלץ לשנת 2025 | F76: טווח סטייה | G76: גבולות שיעור החשיפה המומלץ | J76: מדד ייחוס | K76: =$K$4 -> שינוי מ- 2024
B77: מניות (תעודות סל, קרנות נאמנות, חוזים אופציות ונגזרים) | C77: 0.455985 | D77: 0.45 | E77: 0.46 | F77: +/- 6% | G77: =E77+6% -> 0.52 | H77: - | I77: =IF(E77-6%<0%,0%,E77-6%) -> 0.4 | J77: 35% - ת"א 125 | K77: =E77-D77 -> 0.01
J78: 65% - MSCI World
B80: אג"ח ממשלתי (סחיר ולא סחיר, קרנות נאמנות, תעודות סל, חוזים ונגזרים) | C80: 0.29437484 | D80: 0.31 | E80: 0.32 | F80: +/- 5% | G80: =E80+5% -> 0.37 | H80: - | I80: =IF(E80-5%<0%,0%,E80-5%) -> 0.27 | J80: 50% מדד ממשלתי שקלי 2-5 | K80: =E80-D80 -> 0.01
J81: 50% מדד ממשלתי צמוד 2-5
B82: אג"ח קונצרני (סחיר ולא סחיר, קרנות נאמנות, תעודות סל, חוזים ונגזרים) | C82: 0.22177116 | D82: 0.25 | E82: 0.25 | F82: +/- 6% | G82: =E82+6% -> 0.31 | H82: - | I82: =IF(E82-6%<0%,0%,E82-6%) -> 0.19 | J82: 80% תלבונד 60 | K82: =E82-D82 -> 0
J83: 20% Barclays Global Aggregate Index
B84: קרנות השקעה + קרנות גידור | C84: 0 | D84: 0 | E84: 0 | F84: +/- 5% | G84: =E84+5% -> 0.05 | H84: - | I84: =IF(E84-5%<0%,0%,E84-5%) -> 0 | J84: מדד HFRI WORLD | K84: =E84-D84 -> 0
B85: הלוואות לחברות + הלוואות עמיתים | C85: 0 | D85: 0.01 | E85: 0.01 | F85: +/- 5% | G85: =E85+5% -> 0.06 | H85: - | I85: =IF(E85-5%<0%,0%,E85-5%) -> 0 | J85: ממשלתי לא צמוד 2-5 | K85: =E85-D85 -> 0
B86: אחר (מזומן, פקדונות, סחורות) | C86: 0.08272194 | D86: 0.1 | E86: 0.09 | F86: +/- 5% | G86: =E86+5% -> 0.14 | H86: - | I86: =IF(E86-5%<0%,0%,E86-5%) -> 0.04 | J86: ריבית בנק ישראל | K86: =E86-D86 -> -0.01
B87: סה"כ | C87: =SUM(C77:C86) -> 1.0548529 | D87: =SUM(D77:D86) -> 1.12 | E87: =SUM(E77:E86) -> 1.13 | K87: =E87-D87 -> 0.01
B88: חשיפה למט"ח | C88: 0.197157 | D88: 0.2 | E88: 0.2 | F88: +/- 6% | G88: =E88+6% -> 0.26 | H88: - | I88: =IF(E88-6%<0%,0%,E88-6%) -> 0.14 | J88: 80% דולר 20% אירו | K88: =E88-D88 -> 0
B89: =$B$17 -> מגבלת עמלת ניהול חיצוני לשנת 2025 | C89: 0.0025
D95: ;

Sheet פיזור ענפי - טיוטא
D2: Under/Over | E2: מתחרים כללי ממוצע | F2: הכשרה כללי | G2: שם נייר | H2: ענף פעילות
D3: =F3-E3 -> -0.0018 | E3: 0.0037 | F3: 0.0019 | G3: AAPL - Apple | H3: Technology Hardware & Equip
D4: =F4-E4 -> 0.0026 | E4: 0 | F4: 0.0026 | G4: ADOBE SYSTENS-ADBE | H4: Software & Services
D5: =F5-E5 -> 0.0021 | E5: 0 | F5: 0.0021 | G5: AMAZON-AMZN COM | H5: Other
D6: =F6-E6 -> 0.0052 | E6: 0 | F6: 0.0052 | G6: AVALORN JP - AJVFPF LX | H6: Other
D7: =F7-E7 -> -0.004 | E7: 0.004 | F7: 0 | G7: ALIBABA GROUP H | H7: Software & Services
D8: =F8-E8 -> -0.0001 | E8: 0.0001 | F8: 0 | G8: ALIGN TECHNOLOGY-ALGN | H8: Pharma & Biotechnology
D9: =F9-E9 -> -0.0002 | E9: 0.0002 | F9: 0 | G9: AROUNDTOWN PROP | H9: Real Estate
D10: =F10-E10 -> -0.0021 | E10: 0.0021 | F10: 0 | G10: AROUNDTOWN PROP-ALATP | H10: Real Estate
D11: =F11-E11 -> -0.0009 | E11: 0.0009 | F11: 0 | G11: ATRIUM EUROPEAN-ARTS AV | H11: Real Estate
D12: =F12-E12 -> -0.0002 | E12: 0.0002 | F12: 0 | G12: ATTUNITY LTD- ATTU | H12: Software & Services
D13: =F13-E13 -> -0.0022 | E13: 0.0022 | F13: 0 | G13: BA - BOEING CO | H13: Capital Goods
D14: =F14-E14 -> -0.0033 | E14: 0.0033 | F14: 0 | G14: BIDU - BAIDU | H14: Technology Hardware & Equip
... D20: =F20-E20 -> -0.0013 | E20: 0.0034 | F20: 0.0021 | G20: CHKP - CHECK POINT | H20: Software & Services
D21: =F21-E21 -> -0.0005 | E21: 0.0005 | F21: 0% | G21: COM.888 | H21: Utilities
D22: =F22-E22 -> -0.006 | E22: 0.006 | F22: 0 | G22: Comgest Growth Europe Opportun | H22: Other
D23: =F23-E23 -> 0.0013 | E23: 0.004 | F23: 0.0053 | G23: CSI-KWEB CHINA | H23: Other
D24: =F24-E24 -> -0.005 | E24: 0.005 | F24: 0 | G24: DAXEX GY - DAX | H24: Other
D25: =F25-E25 -> -0.0008 | E25: 0.0008 | F25: 0 | G25: DELEK US HLDNGS-DK | H25: Energy
D26: =F26-E26 -> -0.0012 | E26: 0.0012 | F26: 0 | G26: DELTA AIR LINES | H26: Transportation
D27: =F27-E27 -> -0.0001 | E27: 0.0001 | F27: 0 | G27: DIA - Dow Jones | H27: Other
D28: =F28-E28 -> -0.0002 | E28: 0.0002 | F28: 0 | G28: DXJ - WISDOM TREE JAPAN | H28: Other
D29: =F29-E29 -> -0.0003 | E29: 0.0003 | F29: 0 | G29: ELOXX PHARMACEUTICALS-ELOX | H29: Pharma & Biotechnology
D30: =F30-E30 -> -0.0001 | E30: 0.0001 | F30: 0 | G30: Emerging Markets - EEM | H30: Other
D31: =F31-E31 -> -0.0028 | E31: 0.0028 | F31: 0 | G31: EWY - SOUTH KOREA | H31: Other
D32: =F32-E32 -> 0.0019 | E32: 0 | F32: 0.0019 | G32: ELBIT SYSTEMS L | H32: Other
D33: =F33-E33 -> 0.0065 | E33: 0 | F33: 0.0065 | G33: FIRST TRUST CLOUD COMPUTING-SK | H33: Technology Hardware & Equip
... D50: =F50-E50 -> 0.0052 | E50: 0.0001 | F50: 0.0053 | G50: KORNIT DIGITAL-KRNT | H50: Other
D51: =F51-E51 -> -0.0001 | E51: 0.0001 | F51: 0.00% | G51: KAMADA LTD | H51: Pharma & Biotechnology
D52: =F52-E52 -> 0.001 | E52: 0.0002 | F52: 0.0012 | G52: MSFT - MICROSOFT | H52: Software & Services
D53: =F53-E53 -> -0.0026 | E53: 0.0026 | F53: 0 | G53: KOTAK FUNDS-IND-KOTIMAU | H53: Other
D54: =F54-E54 -> -0.0009 | E54: 0.0009 | F54: 0 | G54: LGI HOMES INC | H54: Real Estate
D55: =F55-E55 -> -0.0002 | E55: 0.0002 | F55: 0 | G55: MDWD-MEDIWOUND LTD | H55: Pharma & Biotechnology
D56: =F56-E56 -> -0.0002 | E56: 0.0002 | F56: 0 | G56: MICRON TECH-INC | H56: Semiconductors & Semicon Equip
D57: =F57-E57 -> -0.0002 | E57: 0.0002 | F57: 0 | G57: MLNX - MELLANOX | H57: Semiconductors & Semicon Equip
D58: =F58-E58 -> 0.0035 | E58: 0.0003 | F58: 0.0038 | G58: MYL-MYLAN LABORATOR | H58: Pharma & Biotechnology
D59: =F59-E59 -> 0.0019 | E59: 0 | F59: 0.0019 | G59: NETFLIX | H59: Media
D60: =F60-E60 -> 0.0019 | E60: 0.005 | F60: 0.0069 | G60: NICE SYSTEMS LT | H60: Software & Services
D61: =F61-E61 -> 0.0006 | E61: 0.0011 | F61: 0.0017 | G61: NVIDIA CORP - NVDA | H61: Semiconductors & Semicon Equip
D62: =F62-E62 -> 0.0026 | E62: 0 | F62: 0.0026 | G62: ORMAT TECHNOLOGIES-ORA | H62: Utilities
D63: =F63-E63 -> -0.0004 | E63: 0.0004 | F63: 0 | G63: ORBOTECH LTD-OR | H63: Technology Hardware & Equip
... D68: =F68-E68 -> -0.0003 | E68: 0.0003 | F68: 0 | G68: RADWARE LTD | H68: Technology Hardware & Equip
D69: =F69-E69 -> -0.0018 | E69: 0.0018 | F69: 0 | G69: RCL US-ROYAL CARIBBEAN
D70: =F70-E70 -> -0.0001 | E70: 0.0001 | F70: 0 | G70: RDCM-RADCOM LTD | H70: Telecommunication Services
D71: =F71-E71 -> 0 | E71: 0 | F71: 0 | G71: REAL ESTATE SEL-XLRE | H71: Other
D72: =F72-E72 -> -0.0002 | E72: 0.0002 | F72: 0 | G72: ROGEN PHARMAL - URGN | H72: Pharma & Biotechnology
D73: =F73-E73 -> -0.0003 | E73: 0.0003 | F73: 0 | G73: SILICOM | H73: Technology Hardware & Equip
D74: =F74-E74 -> -0.0001 | E74: 0.0001 | F74: 0 | G74: SPDR S&P OIL & GAS ETF-XOP | H74: Energy
D75: =F75-E75 -> -0.0002 | E75: 0.0002 | F75: 0 | G75: SPY - S&P 500 | H75: Other
D76: =F76-E76 -> -0.001 | E76: 0.001 | F76: 0 | G76: SUNNY OPTICAL Technology | H76: Technology Hardware & Equip
D77: =F77-E77 -> -0.0004 | E77: 0.0031 | F77: 0.0027 | G77: SMSN LI - SAMSUNG | H77: Media
D78: =F78-E78 -> -0.0011 | E78: 0.0011 | F78: 0 | G78: SOUTHWEST AIRLI | H78: Transportation
D79: =F79-E79 -> 0.0022 | E79: 0.0005 | F79: 0.0027 | G79: SOLAREDGE SEDG US | H79: Technology Hardware & Equip
D80: =F80-E80 -> 0.0029 | E80: 0.0001 | F80: 0.003 | G80: SOXX - SEMICONDUCTOR | H80: Other
D81: =F81-E81 -> 0.0051 | E81: 0 | F81: 0.0051 | G81: SUMI JAPAN SMALL CAP | H81: Other
D82: =F82-E82 -> -0.0033 | E82: 0.0033 | F82: 0.00% | G82: TENCENT HOLDING | H82: Software & Services
D83: =F83-E83 -> -0.0001 | E83: 0.0001 | F83: 0.00% | G83: UNIVERSAL DISPLAY-OLED | H83: Capital Goods
D84: =F84-E84 -> 0.005 | E84: 0 | F84: 0.005 | G84: TOWER SEMICONDU | H84: Semiconductors & Semicon Equip
D85: =F85-E85 -> 0.0051 | E85: 0.015 | F85: 0.0201 | G85: VANGURUARD INFO | H85: Other
D86: =F86-E86 -> -0.0002 | E86: 0.0002 | F86: 0.00% | G86: VGK-VANGUARD EUROPE | H86: Other
D87: =F87-E87 -> -0.0003 | E87: 0.0003 | F87: 0.00% | G87: WIX - WIX.COM | H87: Software & Services
D88: =F88-E88 -> 0.0049 | E88: 0 | F88: 0.0049 | G88: WING LN-IShares HY F | H88: Other
D89: =F89-E89 -> 0.0088 | E89: 0 | F89: 0.0088 | G89: WISDOMTREE INDIA | H89: Other
D90: =F90-E90 -> 0.0002 | E90: 0.0054 | F90: 0.0056 | G90: XLF - Financial Select | H90: Banks
D91: =F91-E91 -> 0.004 | E91: 0.0001 | F91: 0.0041 | G91: XLY - CONSUMER DISCRETIONARY | H91: Other
D92: =F92-E92 -> -0.0001 | E92: 0.0001 | F92: 0.00% | G92: XLI - INDUSTRIAL SELECT | H92: Other
D93: =F93-E93 -> -0.0004 | E93: 0.0004 | F93: 0.00% | G93: XLK - Technology | H93: Other
D94: =F94-E94 -> 0.003 | E94: 0 | F94: 0.003 | G94: אופ. המשביר-ידני | H94: מסחר
D95: =F95-E95 -> -0.0002 | E95: 0.0002 | F95: 0.00% | G95: אאורה | H95: נדל"ן
D96: =F96-E96 -> -0.0005 | E96: 0.0005 | F96: 0.00% | G96: אבגול | H96: עץ ומוצריו
D97: =F97-E97 -> 0 | E97: 0 | F97: 0.00% | G97: אבוג'ן | H97: ביוטכנולוגיה
D98: =F98-E98 -> -0.0003 | E98: 0.0003 | F98: 0.00% | G98: אגוד | H98: בנקים
D99: =F99-E99 -> -0.0005 | E99: 0.0005 | F99: 0.00% | G99: אדגר | H99: נדל"ן
D100: =F100-E100 -> 0 | E100: 0 | F100: 0.00% | G100: אדגר (דיבידנד לקבל) | H100: נדל"ן
D101: =F101-E101 -> -0.0005 | E101: 0.0005 | F101: 0.00% | G101: או.פי.סי אנרגיה | H101: נפט
D102: =F102-E102 -> -0.0003 | E102: 0.0003 | F102: 0.00% | G102: אוברסיז קומרס בע"מ | H102: שרותים
D103: =F103-E103 -> 0 | E103: 0 | F103: 0.00% | G103: אוברסיז קומרס בע"מ (דיבידנד לק | H103: שרותים
D104: =F104-E104 -> -0.0001 | E104: 0.0001 | F104: 0.00% | G104: אודיוקודס | H104: ציוד תקשורת
D105: =F105-E105 -> -0.0003 | E105: 0.0003 | F105: 0.00% | G105: אוריין | H105: שרותים
D106: =F106-E106 -> -0.0004 | E106: 0.0004 | F106: 0.00% | G106: אורמת טכנו | H106: קלינטק
... D110: =F110-E110 -> -0.001 | E110: 0.001 | F110: 0.00% | G110: איי.אפ.אפ | H110: מזון
D111: =F111-E111 -> 0.0036 | E111: 0 | F111: 0.0036 | G111: איביאי טכנולוגיה עלית | H111: קרנות מניות
D112: =F112-E112 -> 0.0008 | E112: 0.0012 | F112: 0.002 | G112: איידיאיי ביטוח | H112: ביטוח
D113: =F113-E113 -> -0.0001 | E113: 0.0001 | F113: 0.00% | G113: אילקס מדיקל | H113: מסחר
D114: =F114-E114 -> -0.0008 | E114: 0.0017 | F114: 0.0009 | G114: אינרום | H114: מתכת
D115: =F115-E115 -> -0.0001 | E115: 0.0001 | F115: 0.00% | G115: איסתא | H115: תירות ומלונות
D116: =F116-E116 -> 0 | E116: 0 | F116: 0.00% | G116: אירונאוטיקס | H116: ביטחוניות
D117: =F117-E117 -> 0.0001 | E117: 0.0008 | F117: 0.0009 | G117: אירפורט סיטי | H117: נדל"ן
D118: =F118-E118 -> 0.0017 | E118: 0 | F118: 0.0017 | G118: אלקטרה | H118: השקעות ואחזקות
D119: =F119-E119 -> -0.0002 | E119: 0.0002 | F119: 0.00% | G119: איתמר | H119: מכשור רפואי
D120: =F120-E120 -> -0.0002 | E120: 0.0002 | F120: 0.00% | G120: אלביט מערכות | H120: ביטחוניות
D121: =F121-E121 -> -0.0061 | E121: 0.0061 | F121: 0.00% | G121: אלוני חץ | H121: נדל"ן
D122: =F122-E122 -> -0.0008 | E122: 0.0008 | F122: 0.00% | G122: אלקו | H122: השקעות ואחזקות
D123: =F123-E123 -> 0.0005 | E123: 0.0008 | F123: 0.0013 | G123: אלקטרה נדלן | H123: נדל"ן
D124: =F124-E124 -> -0.0003 | E124: 0.0003 | F124: 0.00% | G124: אלקטרה צריכה | H124: מסחר
D125: =F125-E125 -> -0.0015 | E125: 0.0051 | F125: 0.0036 | G125: אמות | H125: נדל"ן
D126: =F126-E126 -> 0 | E126: 0 | F126: 0.00% | G126: אמנת | H126: שרותים
D127: =F127-E127 -> -0.0002 | E127: 0.0002 | F127: 0.00% | G127: אמת | H127: שרותי מידע
D128: =F128-E128 -> -0.0004 | E128: 0.0004 | F128: 0.00% | G128: אנלייט אנרגיה | H128: קלינטק
D129: =F129-E129 -> -0.0005 | E129: 0.0005 | F129: 0.00% | G129: אספן גרופ | H129: נדל"ן
...
