Workbook

Sheet נספח 1 - מצרפי
A1: נספח 1- סך ההוצאות הישירות ששולמו בעד כל סוג של הוצאה ישירה לתקופה המסתיימת ביום 31.12.2024
A3: שם חברת הביטוח: הכשרה חברה לביטוח - משתתפות ברווחים | B3: אלפי ₪
A5: 31.12.2024 נספח 1- סך ההוצאות הישירות ששולמו בעד כל סוג של הוצאה ישירה לתקופה המסתיימת ביום
A7: הוצאות ישירות שאינן מסוג עמלת ניהול חיצוני
A8: 1. סך הכל עמלות קנייה ומכירה של ניירות ערך סחירים | B8: =SUM(B9:B10) -> 8725.8722
A9: א. סך עמלות קנייה ומכירה של ניירות ערך סחירים לצדדים קשורים
A10: ב. סך עמלות קנייה ומכירה של ניירות ערך סחירים לצדדים שאינם קשורים | B10: ='קרן ט'!B10+'קרן י'!B10+'הכשרה כללי'!B10+'הכשרה אגח ממשלות'!B10+'הכשרה מניות'!B10+'כספי שקלי'!B10+'הכשרה לבני 50 ומטה'!B10+'הכשרה לבני 50-60'!B10+'הכשרה לבני 60 ומעלה'!B10+'הכשרה מקבלי קצבה'!B10+'הכשרה אשראי ואג"ח'!B10+'הכשרה אשראי ואג"ח עד 25%'!B10+'הכשרה עוקב מדדים גמיש'!B10+'הכשרה משולב סחיר'!B10+'אלשטולר כללי'!B10+'אלשטושלר מניות'!B10+'אלטשולר אג"ח'!B10+'ילין כללי'!B10+'ילין מניות'!B10+'ילין אג"ח'!B10+'מיטב כללי'!B10+'מיטב מניות'!B10+'מיטב אג"ח'!B10+'פאסיבי כללי'!B10+'הכשרה עוקב מדד SP500'!B10+'מור כללי'!B10+'מור מניות'!B10+'מור אג"ח'!B10+'אנליסט כללי'!B10+'אנליסט מניות'!B10+'אנליסט אג"ח'!B10 -> 8725.8722
A12: 2. סך הכל דמי שמירה בשל ניירות ערך סחירים וכל עמלה שגובה מי שמבצע את משמרות ניירות הערך עמלות (קסטודיאן) | B12: =SUM(B13:B14) -> 87.951773
A13: א. סך עמלות קסטודיאן לצדדים קשורים
A14: ב. סך עמלות קסטודיאן לצדדים שאינם קשורים | B14: ='קרן ט'!B14+'קרן י'!B14+'הכשרה כללי'!B14+'הכשרה אגח ממשלות'!B14+'הכשרה מניות'!B14+'כספי שקלי'!B14+'הכשרה לבני 50 ומטה'!B14+'הכשרה לבני 50-60'!B14+'הכשרה לבני 60 ומעלה'!B14+'הכשרה מקבלי קצבה'!B14+'הכשרה אשראי ואג"ח'!B14+'הכשרה אשראי ואג"ח עד 25%'!B14+'הכשרה עוקב מדדים גמיש'!B14+'הכשרה משולב סחיר'!B14+'אלשטולר כללי'!B14+'אלשטושלר מניות'!B14+'אלטשולר אג"ח'!B14+'ילין כללי'!B14+'ילין מניות'!B14+'ילין אג"ח'!B14+'מיטב כללי'!B14+'מיטב מניות'!B14+'מיטב אג"ח'!B14+'פאסיבי כללי'!B14+'הכשרה עוקב מדד SP500'!B14+'מור כללי'!B14+'מור מניות'!B14+'מור אג"ח'!B14+'אנליסט כללי'!B14+'אנליסט מניות'!B14+'אנליסט אג"ח'!B14 -> 87.951773
A16: 3. סך הכל הוצאות הנובעות מהשקעות לא סחירות | B16: =SUM(B17:B19) -> 502.04772
A17: א. הוצאה הנובעת מהשקעה בניירות ערך לא סחירים או ממתן הלוואה למי שאינו עמית או מבוטח | B17: ='קרן ט'!B17+'קרן י'!B17+'הכשרה כללי'!B17+'הכשרה אגח ממשלות'!B17+'הכשרה מניות'!B17+'כספי שקלי'!B17+'הכשרה לבני 50 ומטה'!B17+'הכשרה לבני 50-60'!B17+'הכשרה לבני 60 ומעלה'!B17+'הכשרה מקבלי קצבה'!B17+'הכשרה אשראי ואג"ח'!B17+'הכשרה אשראי ואג"ח עד 25%'!B17+'הכשרה עוקב מדדים גמיש'!B17+'הכשרה משולב סחיר'!B17+'אלשטולר כללי'!B17+'אלשטושלר מניות'!B17+'אלטשולר אג"ח'!B17+'ילין כללי'!B17+'ילין מניות'!B17+'ילין אג"ח'!B17+'מיטב כללי'!B17+'מיטב מניות'!B17+'מיטב אג"ח'!B17+'פאסיבי כללי'!B17+'הכשרה עוקב מדד SP500'!B17+'מור כללי'!B17+'מור מניות'!B17+'מור אג"ח'!B17+'אנליסט כללי'!B17+'אנליסט מניות'!B17+'אנליסט אג"ח'!B17 -> 502.04772
A18: ב. הוצאה הנובעת מהשקעה בזכויות במקרקעין
A20: 4. מסים החלים על משקיע מוסדי, על נכסיו, על הכנסותיו ועל עסקאות שנעשו בנכסיו | B20: ='קרן ט'!B20+'קרן י'!B20+'הכשרה כללי'!B20+'הכשרה אגח ממשלות'!B20+'הכשרה מניות'!B20+'כספי שקלי'!B20+'הכשרה לבני 50 ומטה'!B20+'הכשרה לבני 50-60'!B20+'הכשרה לבני 60 ומעלה'!B20+'הכשרה מקבלי קצבה'!B20+'הכשרה אשראי ואג"ח'!B20+'הכשרה עוקב מדדים גמיש'!B20+'הכשרה משולב סחיר'!B20+'אלשטולר כללי'!B20+'אלשטושלר מניות'!B20+'אלטשולר אג"ח'!B20+'ילין כללי'!B20+'ילין מניות'!B20+'ילין אג"ח'!B20+'מיטב כללי'!B20+'מיטב מניות'!B20+'מיטב אג"ח'!B20+'הכשרה עוקב מדד SP500'!B20+'מור כללי'!B20+'מור מניות'!B20+'מור אג"ח'!B20+'אנליסט כללי'!B20+'אנליסט מניות'!B20+'אנליסט אג"ח'!B20 -> 0
A22: 5. סך הוצאות בעד ניהול תביעות | B22: ='קרן ט'!B22+'קרן י'!B22+'הכשרה כללי'!B22+'הכשרה אגח ממשלות'!B22+'הכשרה מניות'!B22+'כספי שקלי'!B22+'הכשרה לבני 50 ומטה'!B22+'הכשרה לבני 50-60'!B22+'הכשרה לבני 60 ומעלה'!B22+'הכשרה מקבלי קצבה'!B22+'הכשרה אשראי ואג"ח'!B22+'הכשרה עוקב מדדים גמיש'!B22+'הכשרה משולב סחיר'!B22+'אלשטולר כללי'!B22+'אלשטושלר מניות'!B22+'אלטשולר אג"ח'!B22+'ילין כללי'!B22+'ילין מניות'!B22+'ילין אג"ח'!B22+'מיטב כללי'!B22+'מיטב מניות'!B22+'מיטב אג"ח'!B22+'הכשרה עוקב מדד SP500'!B22+'מור כללי'!B22+'מור מניות'!B22+'מור אג"ח'!B22+'אנליסט כללי'!B22+'אנליסט מניות'!B22+'אנליסט אג"ח'!B22 -> 0
A24: 6. סך הוצאות בעד מתן משכנתאות | B24: ='קרן ט'!B24+'קרן י'!B24+'הכשרה כללי'!B24+'הכשרה אגח ממשלות'!B24+'הכשרה מניות'!B24+'כספי שקלי'!B24+'הכשרה לבני 50 ומטה'!B24+'הכשרה לבני 50-60'!B24+'הכשרה לבני 60 ומעלה'!B24+'הכשרה מקבלי קצבה'!B24+'הכשרה אשראי ואג"ח'!B24+'הכשרה עוקב מדדים גמיש'!B24+'הכשרה משולב סחיר'!B24+'אלשטולר כללי'!B24+'אלשטושלר מניות'!B24+'אלטשולר אג"ח'!B24+'ילין כללי'!B24+'ילין מניות'!B24+'ילין אג"ח'!B24+'מיטב כללי'!B24+'מיטב מניות'!B24+'מיטב אג"ח'!B24+'הכשרה עוקב מדד SP500'!B24+'מור כללי'!B24+'מור מניות'!B24+'מור אג"ח'!B24+'אנליסט כללי'!B24+'אנליסט מניות'!B24+'אנליסט אג"ח'!B24 -> 0
A26: 7. סך הכל הוצאות ישירות שאינן מסוג עמלת ניהול חיצוני (סכום סעיפים 1 עד 6) | B26: =B8+B12+B16+B20+B22+B24 -> 9315.8717
A28: 8. שווי ממוצע של נכסי הקופה או המסלול (ממוצע פשוט של סעיפים8א ו- 8ב) | B28: =(B29+B30)/2 -> 24040053
A29: א. השווי המשוערך של נכסי הקופה או המסלול נכון ליום 31 בדצמבר של שנת הכספים שהסתיימה 2024 | B29: ='קרן ט'!B29+'קרן י'!B29+'הכשרה כללי'!B29+'הכשרה אגח ממשלות'!B29+'הכשרה מניות'!B29+'כספי שקלי'!B29+'הכשרה לבני 50 ומטה'!B29+'הכשרה לבני 50-60'!B29+'הכשרה לבני 60 ומעלה'!B29+'הכשרה מקבלי קצבה'!B29+'הכשרה אשראי ואג"ח'!B29+'הכשרה אשראי ואג"ח עד 25%'!B29+'הכשרה עוקב מדדים גמיש'!B29+'הכשרה משולב סחיר'!B29+'אלשטולר כללי'!B29+'אלשטושלר מניות'!B29+'אלטשולר אג"ח'!B29+'ילין כללי'!B29+'ילין מניות'!B29+'ילין אג"ח'!B29+'מיטב כללי'!B29+'מיטב מניות'!B29+'מיטב אג"ח'!B29+'פאסיבי כללי'!B29+'הכשרה עוקב מדד SP500'!B29+'מור כללי'!B29+'מור מניות'!B29+'מור אג"ח'!B29+'אנליסט כללי'!B29+'אנליסט מניות'!B29+'אנליסט אג"ח'!B29 -> 26409167
A30: ב. השווי המשוערך של נכסי הקופה או המסלול נכון ליום 31 בדצמבר של שנת הכספים שהסתיימה לפני 2023 או לתקופה אחרת לפי העניין | B30: ='קרן ט'!B30+'קרן י'!B30+'הכשרה כללי'!B30+'הכשרה אגח ממשלות'!B30+'הכשרה מניות'!B30+'כספי שקלי'!B30+'הכשרה לבני 50 ומטה'!B30+'הכשרה לבני 50-60'!B30+'הכשרה לבני 60 ומעלה'!B30+'הכשרה מקבלי קצבה'!B30+'הכשרה אשראי ואג"ח'!B30+'הכשרה אשראי ואג"ח עד 25%'!B30+'הכשרה עוקב מדדים גמיש'!B30+'הכשרה משולב סחיר'!B30+'אלשטולר כללי'!B30+'אלשטושלר מניות'!B30+'אלטשולר אג"ח'!B30+'ילין כללי'!B30+'ילין מניות'!B30+'ילין אג"ח'!B30+'מיטב כללי'!B30+'מיטב מניות'!B30+'מיטב אג"ח'!B30+'פאסיבי כללי'!B30+'הכשרה עוקב מדד SP500'!B30+'מור כללי'!B30+'מור מניות'!B30+'מור אג"ח'!B30+'אנליסט כללי'!B30+'אנליסט מניות'!B30+'אנליסט אג"ח'!B30 -> 21670938
A32: 9. שיעור שנתי של הוצאות ישירות שאינן מסוג עמלת ניהול חיצוני (חלוקה של סעיף 7 בסעיף 8) | B32: =B26/B28 -> 0.00038751461
A34: הוצאות ישירות מסוג עמלת ניהול חיצוני
A35: 10 . סך דמי ניהול משתנים – החלק מתשלום עמלת ניהול חיצוני שנגזר מתשואת הנכסים | B35: ='קרן ט'!B35+'קרן י'!B35+'הכשרה כללי'!B35+'הכשרה אגח ממשלות'!B35+'הכשרה מניות'!B35+'כספי שקלי'!B35+'הכשרה לבני 50 ומטה'!B35+'הכשרה לבני 50-60'!B35+'הכשרה לבני 60 ומעלה'!B35+'הכשרה מקבלי קצבה'!B35+'הכשרה אשראי ואג"ח'!B35+'הכשרה עוקב מדדים גמיש'!B35+'הכשרה משולב סחיר'!B35+'אלשטולר כללי'!B35+'אלשטושלר מניות'!B35+'אלטשולר אג"ח'!B35+'ילין כללי'!B35+'ילין מניות'!B35+'ילין אג"ח'!B35+'מיטב כללי'!B35+'מיטב מניות'!B35+'מיטב אג"ח'!B35+'פאסיבי כללי'!B35+'הכשרה עוקב מדד SP500'!B35+'מור כללי'!B35+'מור מניות'!B35+'מור אג"ח'!B35+'אנליסט כללי'!B35+'אנליסט מניות'!B35+'אנליסט אג"ח'!B35 -> 11199.012
A37: 11. סה"כ הוצאות ישירות מסוג "עמלת ניהול חיצוני" (סכום סעיפים 11.א עד11.ט) | B37: =SUM(B38:B46) -> 24694.073
A38: א. סך תשלומים הנובעים מהשקעה בקרנות השקעה בישראל | B38: ='קרן ט'!B38+'קרן י'!B38+'הכשרה כללי'!B38+'הכשרה אגח ממשלות'!B38+'הכשרה מניות'!B38+'כספי שקלי'!B38+'הכשרה לבני 50 ומטה'!B38+'הכשרה לבני 50-60'!B38+'הכשרה לבני 60 ומעלה'!B38+'הכשרה מקבלי קצבה'!B38+'הכשרה אשראי ואג"ח'!B38+'הכשרה אשראי ואג"ח עד 25%'!B38+'הכשרה עוקב מדדים גמיש'!B38+'הכשרה משולב סחיר'!B38+'אלשטולר כללי'!B38+'אלשטושלר מניות'!B38+'אלטשולר אג"ח'!B38+'ילין כללי'!B38+'ילין מניות'!B38+'ילין אג"ח'!B38+'מיטב כללי'!B38+'מיטב מניות'!B38+'מיטב אג"ח'!B38+'פאסיבי כללי'!B38+'הכשרה עוקב מדד SP500'!B38+'מור כללי'!B38+'מור מניות'!B38+'מור אג"ח'!B38+'אנליסט כללי'!B38+'אנליסט מניות'!B38+'אנליסט אג"ח'!B38 -> 11568.279
A39: ב. סך תשלומים הנובעים מהשקעה בקרנות השקעה בחו"ל | B39: ='קרן ט'!B39+'קרן י'!B39+'הכשרה כללי'!B39+'הכשרה אגח ממשלות'!B39+'הכשרה מניות'!B39+'כספי שקלי'!B39+'הכשרה לבני 50 ומטה'!B39+'הכשרה לבני 50-60'!B39+'הכשרה לבני 60 ומעלה'!B39+'הכשרה מקבלי קצבה'!B39+'הכשרה אשראי ואג"ח'!B39+'הכשרה אשראי ואג"ח עד 25%'!B39+'הכשרה עוקב מדדים גמיש'!B39+'הכשרה משולב סחיר'!B39+'אלשטולר כללי'!B39+'אלשטושלר מניות'!B39+'אלטשולר אג"ח'!B39+'ילין כללי'!B39+'ילין מניות'!B39+'ילין אג"ח'!B39+'מיטב כללי'!B39+'מיטב מניות'!B39+'מיטב אג"ח'!B39+'פאסיבי כללי'!B39+'הכשרה עוקב מדד SP500'!B39+'מור כללי'!B39+'מור מניות'!B39+'מור אג"ח'!B39+'אנליסט כללי'!B39+'אנליסט מניות'!B39+'אנליסט אג"ח'!B39 -> 5539.3836
A40: ג. סך תשלומים למנהלי תיקים ישראלים בגין השקעה בחו"ל | B40: ='קרן ט'!B40+'קרן י'!B40+'הכשרה כללי'!B40+'הכשרה אגח ממשלות'!B40+'הכשרה מניות'!B40+'כספי שקלי'!B40+'הכשרה לבני 50 ומטה'!B40+'הכשרה לבני 50-60'!B40+'הכשרה לבני 60 ומעלה'!B40+'הכשרה מקבלי קצבה'!B40+'הכשרה אשראי ואג"ח'!B40+'הכשרה אשראי ואג"ח עד 25%'!B40+'הכשרה עוקב מדדים גמיש'!B40+'הכשרה משולב סחיר'!B40+'אלשטולר כללי'!B40+'אלשטושלר מניות'!B40+'אלטשולר אג"ח'!B40+'ילין כללי'!B40+'ילין מניות'!B40+'ילין אג"ח'!B40+'מיטב כללי'!B40+'מיטב מניות'!B40+'מיטב אג"ח'!B40+'פאסיבי כללי'!B40+'הכשרה עוקב מדד SP500'!B40+'מור כללי'!B40+'מור מניות'!B40+'מור אג"ח'!B40+'אנליסט כללי'!B40+'אנליסט מניות'!B40+'אנליסט אג"ח'!B40 -> 0
A41: ד. סך תשלומים למנהלי תיקים זרים | B41: ='קרן ט'!B41+'קרן י'!B41+'הכשרה כללי'!B41+'הכשרה אגח ממשלות'!B41+'הכשרה מניות'!B41+'כספי שקלי'!B41+'הכשרה לבני 50 ומטה'!B41+'הכשרה לבני 50-60'!B41+'הכשרה לבני 60 ומעלה'!B41+'הכשרה מקבלי קצבה'!B41+'הכשרה אשראי ואג"ח'!B41+'הכשרה אשראי ואג"ח עד 25%'!B41+'הכשרה עוקב מדדים גמיש'!B41+'הכשרה משולב סחיר'!B41+'אלשטולר כללי'!B41+'אלשטושלר מניות'!B41+'אלטשולר אג"ח'!B41+'ילין כללי'!B41+'ילין מניות'!B41+'ילין אג"ח'!B41+'מיטב כללי'!B41+'מיטב מניות'!B41+'מיטב אג"ח'!B41+'פאסיבי כללי'!B41+'הכשרה עוקב מדד SP500'!B41+'מור כללי'!B41+'מור מניות'!B41+'מור אג"ח'!B41+'אנליסט כללי'!B41+'אנליסט מניות'!B41+'אנליסט אג"ח'!B41 -> 0
A42: ה. סך תשלומים בגין השקעה בקרנות סל כאשר 75 אחוזים לפחות מנכסי הקרן הם נכסים שהונפקו במדינת ישראל לפי מדדים שעליהם הורה הממונה ובתנאים שהורה | B42: ='קרן ט'!B42+'קרן י'!B42+'הכשרה כללי'!B42+'הכשרה אגח ממשלות'!B42+'הכשרה מניות'!B42+'כספי שקלי'!B42+'הכשרה לבני 50 ומטה'!B42+'הכשרה לבני 50-60'!B42+'הכשרה לבני 60 ומעלה'!B42+'הכשרה מקבלי קצבה'!B42+'הכשרה אשראי ואג"ח'!B42+'הכשרה אשראי ואג"ח עד 25%'!B42+'הכשרה עוקב מדדים גמיש'!B42+'הכשרה משולב סחיר'!B42+'אלשטולר כללי'!B42+'אלשטושלר מניות'!B42+'אלטשולר אג"ח'!B42+'ילין כללי'!B42+'ילין מניות'!B42+'ילין אג"ח'!B42+'מיטב כללי'!B42+'מיטב מניות'!B42+'מיטב אג"ח'!B42+'פאסיבי כללי'!B42+'הכשרה עוקב מדד SP500'!B42+'מור כללי'!B42+'מור מניות'!B42+'מור אג"ח'!B42+'אנליסט כללי'!B42+'אנליסט מניות'!B42+'אנליסט אג"ח'!B42 -> 82.813403
A43: ו. סך תשלומים בגין השקעה בקרנות סל כאשר 75 אחוזים לפחות מנכסי הקרן הם נכסים שלא הונפקו במדינת ישראל ואינם נסחרים או מוחזקים בה | B43: ='קרן ט'!B43+'קרן י'!B43+'הכשרה כללי'!B43+'הכשרה אגח ממשלות'!B43+'הכשרה מניות'!B43+'כספי שקלי'!B43+'הכשרה לבני 50 ומטה'!B43+'הכשרה לבני 50-60'!B43+'הכשרה לבני 60 ומעלה'!B43+'הכשרה מקבלי קצבה'!B43+'הכשרה אשראי ואג"ח'!B43+'הכשרה אשראי ואג"ח עד 25%'!B43+'הכשרה עוקב מדדים גמיש'!B43+'הכשרה משולב סחיר'!B43+'אלשטולר כללי'!B43+'אלשטושלר מניות'!B43+'אלטשולר אג"ח'!B43+'ילין כללי'!B43+'ילין מניות'!B43+'ילין אג"ח'!B43+'מיטב כללי'!B43+'מיטב מניות'!B43+'מיטב אג"ח'!B43+'פאסיבי כללי'!B43+'הכשרה עוקב מדד SP500'!B43+'מור כללי'!B43+'מור מניות'!B43+'מור אג"ח'!B43+'אנליסט כללי'!B43+'אנליסט מניות'!B43+'אנליסט אג"ח'!B43 -> 4362.7231
A44: ז. סך תשלומים בגין השקעה בקרנות נאמנות ישראליות כאשר 75 אחוזים לפחות מנכסי הקרן מושקעים בנכסים שלא הונפקו במדינת ישראל ואינם נסחרים או מוחזקים בה | B44: ='קרן ט'!B44+'קרן י'!B44+'הכשרה כללי'!B44+'הכשרה אגח ממשלות'!B44+'הכשרה מניות'!B44+'כספי שקלי'!B44+'הכשרה לבני 50 ומטה'!B44+'הכשרה לבני 50-60'!B44+'הכשרה לבני 60 ומעלה'!B44+'הכשרה מקבלי קצבה'!B44+'הכשרה אשראי ואג"ח'!B44+'הכשרה אשראי ואג"ח עד 25%'!B44+'הכשרה עוקב מדדים גמיש'!B44+'הכשרה משולב סחיר'!B44+'אלשטולר כללי'!B44+'אלשטושלר מניות'!B44+'אלטשולר אג"ח'!B44+'ילין כללי'!B44+'ילין מניות'!B44+'ילין אג"ח'!B44+'מיטב כללי'!B44+'מיטב מניות'!B44+'מיטב אג"ח'!B44+'פאסיבי כללי'!B44+'הכשרה עוקב מדד SP500'!B44+'מור כללי'!B44+'מור מניות'!B44+'מור אג"ח'!B44+'אנליסט כללי'!B44+'אנליסט מניות'!B44+'אנליסט אג"ח'!B44 -> 169.82702
A45: ח. סך תשלומים בגין השקעה בקרנות נאמנות זרות כאשר 75 אחוזים לפחות מנכסי הקרן מושקעים בנכסים שלא הונפקו במדינת ישראל ואינם נסחרים או מוחזקים בה | B45: ='קרן ט'!B45+'קרן י'!B45+'הכשרה כללי'!B45+'הכשרה אגח ממשלות'!B45+'הכשרה מניות'!B45+'כספי שקלי'!B45+'הכשרה לבני 50 ומטה'!B45+'הכשרה לבני 50-60'!B45+'הכשרה לבני 60 ומעלה'!B45+'הכשרה מקבלי קצבה'!B45+'הכשרה אשראי ואג"ח'!B45+'הכשרה אשראי ואג"ח עד 25%'!B45+'הכשרה עוקב מדדים גמיש'!B45+'הכשרה משולב סחיר'!B45+'אלשטולר כללי'!B45+'אלשטושלר מניות'!B45+'אלטשולר אג"ח'!B45+'ילין כללי'!B45+'ילין מניות'!B45+'ילין אג"ח'!B45+'מיטב כללי'!B45+'מיטב מניות'!B45+'מיטב אג"ח'!B45+'פאסיבי כללי'!B45+'הכשרה עוקב מדד SP500'!B45+'מור כללי'!B45+'מור מניות'!B45+'מור אג"ח'!B45+'אנליסט כללי'!B45+'אנליסט מניות'!B45+'אנליסט אג"ח'!B45 -> 2960.7475
A46: ט. סך תשלומים בגין השקעה בקרן טכנולוגיה עילית | B46: ='קרן ט'!B46+'קרן י'!B46+'הכשרה כללי'!B46+'הכשרה אגח ממשלות'!B46+'הכשרה מניות'!B46+'כספי שקלי'!B46+'הכשרה לבני 50 ומטה'!B46+'הכשרה לבני 50-60'!B46+'הכשרה לבני 60 ומעלה'!B46+'הכשרה מקבלי קצבה'!B46+'הכשרה אשראי ואג"ח'!B46+'הכשרה אשראי ואג"ח עד 25%'!B46+'הכשרה עוקב מדדים גמיש'!B46+'הכשרה משולב סחיר'!B46+'אלשטולר כללי'!B46+'אלשטושלר מניות'!B46+'אלטשולר אג"ח'!B46+'ילין כללי'!B46+'ילין מניות'!B46+'ילין אג"ח'!B46+'מיטב כללי'!B46+'מיטב מניות'!B46+'מיטב אג"ח'!B46+'פאסיבי כללי'!B46+'הכשרה עוקב מדד SP500'!B46+'מור כללי'!B46+'מור מניות'!B46+'מור אג"ח'!B46+'אנליסט כללי'!B46+'אנליסט מניות'!B46+'אנליסט אג"ח'!B46 -> 10.300035
A48: 12. שיעור עמלת ניהול חיצוני בפועל לפני החזר, ככל שבוצע (חלוקה של סעיף 11 בסעיף 8.ב) | B48: =B37/B30 -> 0.0011395018
A50: 13. שיעור מגבלת עמלת ניהול חיצוני שהמשקיע המוסדי הצהיר עליה עבור שנת הכספים שהסתיימה
A52: 14. ההפרש בין שיעור מגבלת עמלת ניהול חיצוני מוצהרת לבין שיעור עמלת ניהול חיצוני בפועל (סעיף 13 פחות סעיף 12)
A54: 15.א סכום שהוחזר לחוסכים (אם הוחזר) | B54: ='קרן ט'!B54+'קרן י'!B54+'הכשרה כללי'!B54+'הכשרה אגח ממשלות'!B54+'הכשרה מניות'!B54+'כספי שקלי'!B54+'הכשרה לבני 50 ומטה'!B54+'הכשרה לבני 50-60'!B54+'הכשרה לבני 60 ומעלה'!B54+'הכשרה מקבלי קצבה'!B54+'הכשרה אשראי ואג"ח'!B54+'הכשרה עוקב מדדים גמיש'!B54+'הכשרה משולב סחיר'!B54+'אלשטולר כללי'!B54+'אלשטושלר מניות'!B54+'אלטשולר אג"ח'!B54+'ילין כללי'!B54+'ילין מניות'!B54+'ילין אג"ח'!B54+'מיטב כללי'!B54+'מיטב מניות'!B54+'מיטב אג"ח'!B54+'פאסיבי כללי'!B54+'הכשרה עוקב מדד SP500'!B54+'מור כללי'!B54+'מור מניות'!B54+'מור אג"ח'!B54+'אנליסט כללי'!B54+'אנליסט מניות'!B54+'אנליסט אג"ח'!B54 -> 0
A55: 15.ב שיעור עמלת ניהול חיצוני בפועל לאחר החזר, (חלוקה של התוצאה של סעיף 11 בניכוי סעיף 15א, בסעיף 8.ב)
A57: סך הכל הוצאות ישירות בפועל (למעט דמי ניהול משתנים כאמור בסעיף 10)
A59: 16. סך כל הוצאות ישירות (סכום של סעיף 7 וסעיף 1 1בניכוי סעיף 15א) | B59: =B26+B37-B54 -> 34009.945
A61: 17. שיעור סך ההוצאות הישירות מתוך יתרת נכסים ממוצעת (חלוקה של סעיף 16 בסעיף 8) | B61: =B59/B28 -> 0.0014147201
A63: סך הכל הוצאות ישירות (לצורך חישוב שיעור עלות שנתית צפויה)
A64: 18. שיעור מגבלת עמלת ניהול חיצוני שהמשקיע המוסדי הצהיר עליה בהתאם לתקנה 2א לתקנות הוצאות ישירות עבור שנת הכספים הבאה 20XX +1
A65: 19. De: שיעור הוצאות ישירות (סכום של סעיף 9 וסעיף 18)

Sheet קרן ט
A1: נספח 1- סך ההוצאות הישירות ששולמו בעד כל סוג של הוצאה ישירה לתקופה המסתיימת ביום 31.12.2024
A3: שם חברת הביטוח: הכשרה חברה לביטוח - קרן ט | B3: אלפי ₪
A5: 31.12.2024 נספח 1- סך ההוצאות הישירות ששולמו בעד כל סוג של הוצאה ישירה לתקופה המסתיימת ביום
A7: הוצאות ישירות שאינן מסוג עמלת ניהול חיצוני
A8: 1. סך הכל עמלות קנייה ומכירה של ניירות ערך סחירים | B8: 21.957283
A9: א. סך עמלות קנייה ומכירה של ניירות ערך סחירים לצדדים קשורים
A10: ב. סך עמלות קנייה ומכירה של ניירות ערך סחירים לצדדים שאינם קשורים | B10: 21.957283
A12: 2. סך הכל דמי שמירה בשל ניירות ערך סחירים וכל עמלה שגובה מי שמבצע את משמרות ניירות הערך עמלות (קסטודיאן) | B12: 1.7039316
A13: א. סך עמלות קסטודיאן לצדדים קשורים
A14: ב. סך עמלות קסטודיאן לצדדים שאינם קשורים | B14: 1.7039316
A16: 3. סך הכל הוצאות הנובעות מהשקעות לא סחירות | B16: 5.5860765
A17: א. הוצאה הנובעת מהשקעה בניירות ערך לא סחירים או ממתן הלוואה למי שאינו עמית או מבוטח | B17: 5.5860765
A18: ב. הוצאה הנובעת מהשקעה בזכויות במקרקעין
A20: 4. מסים החלים על משקיע מוסדי, על נכסיו, על הכנסותיו ועל עסקאות שנעשו בנכסיו
A22: 5. סך הוצאות בעד ניהול תביעות | B22: 0
A24: 6. סך הוצאות בעד מתן משכנתאות | B24: 0
A26: 7. סך הכל הוצאות ישירות שאינן מסוג עמלת ניהול חיצוני (סכום סעיפים 1 עד 6) | B26: 29.247291
A28: 8. שווי ממוצע של נכסי הקופה או המסלול (ממוצע פשוט של סעיפים8א ו- 8ב) | B28: 69121.165
A29: א. השווי המשוערך של נכסי הקופה או המסלול נכון ליום 31 בדצמבר של שנת הכספים שהסתיימה 2024 | B29: 67335.36
A30: ב. השווי המשוערך של נכסי הקופה או המסלול נכון ליום 31 בדצמבר של שנת הכספים שהסתיימה לפני 2023 או לתקופה אחרת לפי העניין | B30: 70906.97
A32: 9. שיעור שנתי של הוצאות ישירות שאינן מסוג עמלת ניהול חיצוני (חלוקה של סעיף 7 בסעיף 8) | B32: 0.00042313076
A34: הוצאות ישירות מסוג עמלת ניהול חיצוני
A35: 10 . סך דמי ניהול משתנים – החלק מתשלום עמלת ניהול חיצוני שנגזר מתשואת הנכסים | B35: 64.705215
A37: 11. סה"כ הוצאות ישירות מסוג "עמלת ניהול חיצוני" (סכום סעיפים 11.א עד11.ט) | B37: 98.004597
A38: א. סך תשלומים הנובעים מהשקעה בקרנות השקעה בישראל | B38: 43.417954
A39: ב. סך תשלומים הנובעים מהשקעה בקרנות השקעה בחו"ל | B39: 21.281216
A40: ג. סך תשלומים למנהלי תיקים ישראלים בגין השקעה בחו"ל
A41: ד. סך תשלומים למנהלי תיקים זרים
A42: ה. סך תשלומים בגין השקעה בקרנות סל כאשר 75 אחוזים לפחות מנכסי הקרן הם נכסים שהונפקו במדינת ישראל לפי מדדים שעליהם הורה הממונה ובתנאים שהורה | B42: 0.49231703
A43: ו. סך תשלומים בגין השקעה בקרנות סל כאשר 75 אחוזים לפחות מנכסי הקרן הם נכסים שלא הונפקו במדינת ישראל ואינם נסחרים או מוחזקים בה | B43: 17.481537
A44: ז. סך תשלומים בגין השקעה בקרנות נאמנות ישראליות כאשר 75 אחוזים לפחות מנכסי הקרן מושקעים בנכסים שלא הונפקו במדינת ישראל ואינם נסחרים או מוחזקים בה | B44: 0.99697831
A45: ח. סך תשלומים בגין השקעה בקרנות נאמנות זרות כאשר 75 אחוזים לפחות מנכסי הקרן מושקעים בנכסים שלא הונפקו במדינת ישראל ואינם נסחרים או מוחזקים בה | B45: 14.161295
A46: ט. סך תשלומים בגין השקעה בקרן טכנולוגיה עילית | B46: 0.17330019
A48: 12. שיעור עמלת ניהול חיצוני בפועל לפני החזר, ככל שבוצע (חלוקה של סעיף 11 בסעיף 8.ב) | B48: 0.0013821575
A50: 13. שיעור מגבלת עמלת ניהול חיצוני שהמשקיע המוסדי הצהיר עליה עבור שנת הכספים שהסתיימה | B50: 0.0025
A52: 14. ההפרש בין שיעור מגבלת עמלת ניהול חיצוני מוצהרת לבין שיעור עמלת ניהול חיצוני בפועל (סעיף 13 פחות סעיף 12) | B52: 0.0011178425
A54: 15.א סכום שהוחזר לחוסכים (אם הוחזר) | B54: 0
A55: 15.ב שיעור עמלת ניהול חיצוני בפועל לאחר החזר, (חלוקה של התוצאה של סעיף 11 בניכוי סעיף 15א, בסעיף 8.ב) | B55: 0.0013821575
A57: סך הכל הוצאות ישירות בפועל (למעט דמי ניהול משתנים כאמור בסעיף 10)
A59: 16. סך כל הוצאות ישירות (סכום של סעיף 7 וסעיף 11 בניכוי סעיף 15א) | B59: 127.25189
A61: 17. שיעור סך ההוצאות הישירות מתוך יתרת נכסים ממוצעת (חלוקה של סעיף 16 בסעיף 8) | B61: 0.0018409974
A63: סך הכל הוצאות ישירות (לצורך חישוב שיעור עלות שנתית צפויה)
A64: 18. שיעור מגבלת עמלת ניהול חיצוני שהמשקיע המוסדי הצהיר עליה בהתאם לתקנה 2א לתקנות הוצאות ישירות עבור שנת הכספים הבאה | B64: 0.0025
A65: 19. De: שיעור הוצאות ישירות (סכום של סעיף 9 וסעיף 18) | B65: 0.0029231308

Sheet קרן י
A1: נספח 1- סך ההוצאות הישירות ששולמו בעד כל סוג של הוצאה ישירה לתקופה המסתיימת ביום 31.12.2024
A3: שם חברת הביטוח: הכשרה חברה לביטוח - קרן י | B3: אלפי ₪
A5: 31.12.2024 נספח 1- סך ההוצאות הישירות ששולמו בעד כל סוג של הוצאה ישירה לתקופה המסתיימת ביום
A7: הוצאות ישירות שאינן מסוג עמלת ניהול חיצוני
A8: 1. סך הכל עמלות קנייה ומכירה של ניירות ערך סחירים | B8: 524.13595
A9: א. סך עמלות קנייה ומכירה של ניירות ערך סחירים לצדדים קשורים
A10: ב. סך עמלות קנייה ומכירה של ניירות ערך סחירים לצדדים שאינם קשורים | B10: 524.13595
A12: 2. סך הכל דמי שמירה בשל ניירות ערך סחירים וכל עמלה שגובה מי שמבצע את משמרות ניירות הערך עמלות (קסטודיאן) | B12: 6.175063
A13: א. סך עמלות קסטודיאן לצדדים קשורים
A14: ב. סך עמלות קסטודיאן לצדדים שאינם קשורים | B14: 6.175063
A16: 3. סך הכל הוצאות הנובעות מהשקעות לא סחירות | B16: 162.92571
A17: א. הוצאה הנובעת מהשקעה בניירות ערך לא סחירים או ממתן הלוואה למי שאינו עמית או מבוטח | B17: 162.92571
A18: ב. הוצאה הנובעת מהשקעה בזכויות במקרקעין | B18: 0
A20: 4. מסים החלים על משקיע מוסדי, על נכסיו, על הכנסותיו ועל עסקאות שנעשו בנכסיו
A22: 5. סך הוצאות בעד ניהול תביעות | B22: 0
A24: 6. סך הוצאות בעד מתן משכנתאות | B24: 0
A26: 7. סך הכל הוצאות ישירות שאינן מסוג עמלת ניהול חיצוני (סכום סעיפים 1 עד 6) | B26: 693.23672
A28: 8. שווי ממוצע של נכסי הקופה או המסלול (ממוצע פשוט של סעיפים8א ו- 8ב) | B28: 1789110.5
A29: א. השווי המשוערך של נכסי הקופה או המסלול נכון ליום 31 בדצמבר של שנת הכספים שהסתיימה 2024 | B29: 1846452.8
A30: ב. השווי המשוערך של נכסי הקופה או המסלול נכון ליום 31 בדצמבר של שנת הכספים שהסתיימה לפני 2023 או לתקופה אחרת לפי העניין | B30: 1731768.3
A32: 9. שיעור שנתי של הוצאות ישירות שאינן מסוג עמלת ניהול חיצוני (חלוקה של סעיף 7 בסעיף 8) | B32: 0.00038747562
A34: הוצאות ישירות מסוג עמלת ניהול חיצוני
A35: 10 . סך דמי ניהול משתנים – החלק מתשלום עמלת ניהול חיצוני שנגזר מתשואת הנכסים | B35: 3110.3704
A37: 11. סה"כ הוצאות ישירות מסוג "עמלת ניהול חיצוני" (סכום סעיפים 11.א עד11.ט) | B37: 5431.0036
A38: א. סך תשלומים הנובעים מהשקעה בקרנות השקעה בישראל | B38: 3350.7025
A39: ב. סך תשלומים הנובעים מהשקעה בקרנות השקעה בחו"ל | B39: 1364.2336
A40: ג. סך תשלומים למנהלי תיקים ישראלים בגין השקעה בחו"ל
A41: ד. סך תשלומים למנהלי תיקים זרים
A42: ה. סך תשלומים בגין השקעה בקרנות סל כאשר 75 אחוזים לפחות מנכסי הקרן הם נכסים שהונפקו במדינת ישראל לפי מדדים שעליהם הורה הממונה ובתנאים שהורה | B42: 5.9690821
A43: ו. סך תשלומים בגין השקעה בקרנות סל כאשר 75 אחוזים לפחות מנכסי הקרן הם נכסים שלא הונפקו במדינת ישראל ואינם נסחרים או מוחזקים בה | B43: 249.89058
A44: ז. סך תשלומים בגין השקעה בקרנות נאמנות ישראליות כאשר 75 אחוזים לפחות מנכסי הקרן מושקעים בנכסים שלא הונפקו במדינת ישראל ואינם נסחרים או מוחזקים בה | B44: 25.043292
A45: ח. סך תשלומים בגין השקעה בקרנות נאמנות זרות כאשר 75 אחוזים לפחות מנכסי הקרן מושקעים בנכסים שלא הונפקו במדינת ישראל ואינם נסחרים או מוחזקים בה | B45: 431.04344
A46: ט. סך תשלומים בגין השקעה בקרן טכנולוגיה עילית | B46: 4.1211095
A48: 12. שיעור עמלת ניהול חיצוני בפועל לפני החזר, ככל שבוצע (חלוקה של סעיף 11 בסעיף 8.ב) | B48: 0.003136103
A50: 13. שיעור מגבלת עמלת ניהול חיצוני שהמשקיע המוסדי הצהיר עליה עבור שנת הכספים שהסתיימה | B50: 0.0035
A52: 14. ההפרש בין שיעור מגבלת עמלת ניהול חיצוני מוצהרת לבין שיעור עמלת ניהול חיצוני בפועל (סעיף 13 פחות סעיף 12) | B52: 0.00036389702
A54: 15.א סכום שהוחזר לחוסכים (אם הוחזר) | B54: 0
A55: 15.ב שיעור עמלת ניהול חיצוני בפועל לאחר החזר, (חלוקה של התוצאה של סעיף 11 בניכוי סעיף 15א, בסעיף 8.ב) | B55: 0.003136103
A57: סך הכל הוצאות ישירות בפועל (למעט דמי ניהול משתנים כאמור בסעיף 10)
A59: 16. סך כל הוצאות ישירות (סכום של סעיף 7 וסעיף 11 בניכוי סעיף 15א) | B59: 6124.2403
A61: 17. שיעור סך ההוצאות הישירות מתוך יתרת נכסים ממוצעת (חלוקה של סעיף 16 בסעיף 8) | B61: 0.0034230642
A63: סך הכל הוצאות ישירות (לצורך חישוב שיעור עלות שנתית צפויה)
A64: 18. שיעור מגבלת עמלת ניהול חיצוני שהמשקיע המוסדי הצהיר עליה בהתאם לתקנה 2א לתקנות הוצאות ישירות עבור שנת הכספים הבאה | B64: 0.0035
A65: 19. De: שיעור הוצאות ישירות (סכום של סעיף 9 וסעיף 18) | B65: 0.0038874756

Sheet הכשרה כללי
A1: נספח 1- סך ההוצאות הישירות ששולמו בעד כל סוג של הוצאה ישירה לתקופה המסתיימת ביום 31.12.2024
A3: שם חברת הביטוח: הכשרה חברה לביטוח - מסלולית כללית | B3: אלפי ₪
A5: 31.12.2024 נספח 1- סך ההוצאות הישירות ששולמו בעד כל סוג של הוצאה ישירה לתקופה המסתיימת ביום
A7: הוצאות ישירות שאינן מסוג עמלת ניהול חיצוני
A8: 1. סך הכל עמלות קנייה ומכירה של ניירות ערך סחירים | B8: 1392.6259
A9: א. סך עמלות קנייה ומכירה של ניירות ערך סחירים לצדדים קשורים
A10: ב. סך עמלות קנייה ומכירה של ניירות ערך סחירים לצדדים שאינם קשורים | B10: 1392.6259
A12: 2. סך הכל דמי שמירה בשל ניירות ערך סחירים וכל עמלה שגובה מי שמבצע את משמרות ניירות הערך עמלות (קסטודיאן) | B12: 6.7788716
A13: א. סך עמלות קסטודיאן לצדדים קשורים
A14: ב. סך עמלות קסטודיאן לצדדים שאינם קשורים | B14: 6.7788716
A16: 3. סך הכל הוצאות הנובעות מהשקעות לא סחירות | B16: 249.18992
A17: א. הוצאה הנובעת מהשקעה בניירות ערך לא סחירים או ממתן הלוואה למי שאינו עמית או מבוטח | B17: 249.18992
A18: ב. הוצאה הנובעת מהשקעה בזכויות במקרקעין
A20: 4. מסים החלים על משקיע מוסדי, על נכסיו, על הכנסותיו ועל עסקאות שנעשו בנכסיו
A22: 5. סך הוצאות בעד ניהול תביעות | B22: 0
A24: 6. סך הוצאות בעד מתן משכנתאות | B24: 0
A26: 7. סך הכל הוצאות ישירות שאינן מסוג עמלת ניהול חיצוני (סכום סעיפים 1 עד 6) | B26: 1648.5947
A28: 8. שווי ממוצע של נכסי הקופה או המסלול (ממוצע פשוט של סעיפים8א ו- 8ב) | B28: 4481964.3
A29: א. השווי המשוערך של נכסי הקופה או המסלול נכון ליום 31 בדצמבר של שנת הכספים שהסתיימה 2024 | B29: 4580556.2
A30: ב. השווי המשוערך של נכסי הקופה או המסלול נכון ליום 31 בדצמבר של שנת הכספים שהסתיימה לפני 2023 או לתקופה אחרת לפי העניין | B30: 4383372.5
A32: 9. שיעור שנתי של הוצאות ישירות שאינן מסוג עמלת ניהול חיצוני (חלוקה של סעיף 7 בסעיף 8) | B32: 0.00036782861
A34: הוצאות ישירות מסוג עמלת ניהול חיצוני
A35: 10 . סך דמי ניהול משתנים – החלק מתשלום עמלת ניהול חיצוני שנגזר מתשואת הנכסים | B35: 5703.8754
A37: 11. סה"כ הוצאות ישירות מסוג "עמלת ניהול חיצוני" (סכום סעיפים 11.א עד11.ט) | B37: 10786.521
A38: א. סך תשלומים הנובעים מהשקעה בקרנות השקעה בישראל | B38: 6187.2683
A39: ב. סך תשלומים הנובעים מהשקעה בקרנות השקעה בחו"ל | B39: 2849.7779
A40: ג. סך תשלומים למנהלי תיקים ישראלים בגין השקעה בחו"ל | B40: 0
A41: ד. סך תשלומים למנהלי תיקים זרים | B41: 0
A42: ה. סך תשלומים בגין השקעה בקרנות סל כאשר 75 אחוזים לפחות מנכסי הקרן הם נכסים שהונפקו במדינת ישראל לפי מדדים שעליהם הורה הממונה ובתנאים שהורה | B42: 48.55245
A43: ו. סך תשלומים בגין השקעה בקרנות סל כאשר 75 אחוזים לפחות מנכסי הקרן הם נכסים שלא הונפקו במדינת ישראל ואינם נסחרים או מוחזקים בה | B43: 758.72196
A44: ז. סך תשלומים בגין השקעה בקרנות נאמנות ישראליות כאשר 75 אחוזים לפחות מנכסי הקרן מושקעים בנכסים שלא הונפקו במדינת ישראל ואינם נסחרים או מוחזקים בה | B44: 63.158422
A45: ח. סך תשלומים בגין השקעה בקרנות נאמנות זרות כאשר 75 אחוזים לפחות מנכסי הקרן מושקעים בנכסים שלא הונפקו במדינת ישראל ואינם נסחרים או מוחזקים בה | B45: 874.3183
A46: ט. סך תשלומים בגין השקעה בקרן טכנולוגיה עילית | B46: 4.7236137
A48: 12. שיעור עמלת ניהול חיצוני בפועל לפני החזר, ככל שבוצע (חלוקה של סעיף 11 בסעיף 8.ב) | B48: 0.0024607813
... A52: 14. ההפרש בין שיעור מגבלת עמלת ניהול חיצוני מוצהרת לבין שיעור עמלת ניהול חיצוני בפועל (סעיף 13 פחות סעיף 12) | B52: 3.9218747e-05
A54: 15.א סכום שהוחזר לחוסכים (אם הוחזר)
A55: 15.ב שיעור עמלת ניהול חיצוני בפועל לאחר החזר, (חלוקה של התוצאה של סעיף 11 בניכוי סעיף 15א, בסעיף 8.ב) | B55: 0.0024607813
A57: סך הכל הוצאות ישירות בפועל (למעט דמי ניהול משתנים כאמור בסעיף 10)
A59: 16. סך כל הוצאות ישירות (סכום של סעיף 7 וסעיף 11 בניכוי סעיף 15א) | B59: 12435.116
A61: 17. שיעור סך ההוצאות הישירות מתוך יתרת נכסים ממוצעת (חלוקה של סעיף 16 בסעיף 8) | B61: 0.0027744789
A63: סך הכל הוצאות ישירות (לצורך חישוב שיעור עלות שנתית צפויה)
A64: 18. שיעור מגבלת עמלת ניהול חיצוני שהמשקיע המוסדי הצהיר עליה בהתאם לתקנה 2א לתקנות הוצאות ישירות עבור שנת הכספים הבאה | B64: 0.0028
A65: 19. De: שיעור הוצאות ישירות (סכום של סעיף 9 וסעיף 18) | B65: 0.0031678286

Sheet הכשרה אגח ממשלות
A1: נספח 1- סך ההוצאות הישירות ששולמו בעד כל סוג של הוצאה ישירה לתקופה המסתיימת ביום 31.12.2024
A3: שם חברת הביטוח: הכשרה חברה לביטוח - מסלולית אג"ח ממשלות | B3: אלפי ₪
A5: 31.12.2024 נספח 1- סך ההוצאות הישירות ששולמו בעד כל סוג של הוצאה ישירה לתקופה המסתיימת ביום
A7: הוצאות ישירות שאינן מסוג עמלת ניהול חיצוני
A8: 1. סך הכל עמלות קנייה ומכירה של ניירות ערך סחירים | B8: 175.99353
A9: א. סך עמלות קנייה ומכירה של ניירות ערך סחירים לצדדים קשורים
A10: ב. סך עמלות קנייה ומכירה של ניירות ערך סחירים לצדדים שאינם קשורים | B10: 175.99353
A12: 2. סך הכל דמי שמירה בשל ניירות ערך סחירים וכל עמלה שגובה מי שמבצע את משמרות ניירות הערך עמלות (קסטודיאן) | B12: 1.8345521
A13: א. סך עמלות קסטודיאן לצדדים קשורים
A14: ב. סך עמלות קסטודיאן לצדדים שאינם קשורים | B14: 1.8345521
A16: 3. סך הכל הוצאות הנובעות מהשקעות לא סחירות | B16: 24.168117
A17: א. הוצאה הנובעת מהשקעה בניירות ערך לא סחירים או ממתן הלוואה למי שאינו עמית או מבוטח | B17: 24.168117
A18: ב. הוצאה הנובעת מהשקעה בזכויות במקרקעין
A20: 4. מסים החלים על משקיע מוסדי, על נכסיו, על הכנסותיו ועל עסקאות שנעשו בנכסיו
A22: 5. סך הוצאות בעד ניהול תביעות | B22: 0
A24: 6. סך הוצאות בעד מתן משכנתאות | B24: 0
A26: 7. סך הכל הוצאות ישירות שאינן מסוג עמלת ניהול חיצוני (סכום סעיפים 1 עד 6) | B26: 201.9962
A28: 8. שווי ממוצע של נכסי הקופה או המסלול (ממוצע פשוט של סעיפים8א ו- 8ב) | B28: 395417.09
A29: א. השווי המשוערך של נכסי הקופה או המסלול נכון ליום 31 בדצמבר של שנת הכספים שהסתיימה 2024 | B29: 362986.56
A30: ב. השווי המשוערך של נכסי הקופה או המסלול נכון ליום 31 בדצמבר של שנת הכספים שהסתיימה לפני 2023 או לתקופה אחרת לפי העניין | B30: 427847.62
A32: 9. שיעור שנתי של הוצאות ישירות שאינן מסוג עמלת ניהול חיצוני (חלוקה של סעיף 7 בסעיף 8) | B32: 0.00051084337
A34: הוצאות ישירות מסוג עמלת ניהול חיצוני
A35: 10 . סך דמי ניהול משתנים – החלק מתשלום עמלת ניהול חיצוני שנגזר מתשואת הנכסים | B35: 219.67657
A37: 11. סה"כ הוצאות ישירות מסוג "עמלת ניהול חיצוני" (סכום סעיפים 11.א עד11.ט) | B37: 331.76259
A38: א. סך תשלומים הנובעים מהשקעה בקרנות השקעה בישראל | B38: 180.49285
A39: ב. סך תשלומים הנובעים מהשקעה בקרנות השקעה בחו"ל | B39: 105.76467
A40: ג. סך תשלומים למנהלי תיקים ישראלים בגין השקעה בחו"ל | B40: 0
A41: ד. סך תשלומים למנהלי תיקים זרים | B41: 0
A42: ה. סך תשלומים בגין השקעה בקרנות סל כאשר 75 אחוזים לפחות מנכסי הקרן הם נכסים שהונפקו במדינת ישראל לפי מדדים שעליהם הורה הממונה ובתנאים שהורה | B42: 0
A43: ו. סך תשלומים בגין השקעה בקרנות סל כאשר 75 אחוזים לפחות מנכסי הקרן הם נכסים שלא הונפקו במדינת ישראל ואינם נסחרים או מוחזקים בה | B43: 12.992987
A44: ז. סך תשלומים בגין השקעה בקרנות נאמנות ישראליות כאשר 75 אחוזים לפחות מנכסי הקרן מושקעים בנכסים שלא הונפקו במדינת ישראל ואינם נסחרים או מוחזקים בה | B44: 0
A45: ח. סך תשלומים בגין השקעה בקרנות נאמנות זרות כאשר 75 אחוזים לפחות מנכסי הקרן מושקעים בנכסים שלא הונפקו במדינת ישראל ואינם נסחרים או מוחזקים בה | B45: 32.335621
A46: ט. סך תשלומים בגין השקעה בקרן טכנולוגיה עילית | B46: 0.17645211
A48: 12. שיעור עמלת ניהול חיצוני בפועל לפני החזר, ככל שבוצע (חלוקה של סעיף 11 בסעיף 8.ב) | B48: 0.00077542229
... A55: 15.ב שיעור עמלת ניהול חיצוני בפועל לאחר החזר, (חלוקה של התוצאה של סעיף 11 בניכוי סעיף 15א, בסעיף 8.ב) | B55: 0.00077542229
A57: סך הכל הוצאות ישירות בפועל (למעט דמי ניהול משתנים כאמור בסעיף 10)
A59: 16. סך כל הוצאות ישירות (סכום של סעיף 7 וסעיף 11 בניכוי סעיף 15א) | B59: 533.75879
A61: 17. שיעור סך ההוצאות הישירות מתוך יתרת נכסים ממוצעת (חלוקה של סעיף 16 בסעיף 8) | B61: 0.0013498627
A63: סך הכל הוצאות ישירות (לצורך חישוב שיעור עלות שנתית צפויה)
A64: 18. שיעור מגבלת עמלת ניהול חיצוני שהמשקיע המוסדי הצהיר עליה בהתאם לתקנה 2א לתקנות הוצאות ישירות עבור שנת הכספים הבאה | B64: 0.0015
A65: 19. De: שיעור הוצאות ישירות (סכום של סעיף 9 וסעיף 18) | B65: 0.0020108434

Sheet הכשרה מניות
A1: נספח 1- סך ההוצאות הישירות ששולמו בעד כל סוג של הוצאה ישירה לתקופה המסתיימת ביום 31.12.2024
A3: שם חברת הביטוח: הכשרה חברה לביטוח - מסלולית מניות | B3: אלפי ₪
A5: 31.12.2024 נספח 1- סך ההוצאות הישירות ששולמו בעד כל סוג של הוצאה ישירה לתקופה המסתיימת ביום
A7: הוצאות ישירות שאינן מסוג עמלת ניהול חיצוני
A8: 1. סך הכל עמלות קנייה ומכירה של ניירות ערך סחירים | B8: 307.87761
A9: א. סך עמלות קנייה ומכירה של ניירות ערך סחירים לצדדים קשורים
A10: ב. סך עמלות קנייה ומכירה של ניירות ערך סחירים לצדדים שאינם קשורים | B10: 307.87761
A12: 2. סך הכל דמי שמירה בשל ניירות ערך סחירים וכל עמלה שגובה מי שמבצע את משמרות ניירות הערך עמלות (קסטודיאן) | B12: 3.6120443
A13: א. סך עמלות קסטודיאן לצדדים קשורים
A14: ב. סך עמלות קסטודיאן לצדדים שאינם קשורים | B14: 3.6120443
A16: 3. סך הכל הוצאות הנובעות מהשקעות לא סחירות | B16: 11.441104
A17: א. הוצאה הנובעת מהשקעה בניירות ערך לא סחירים או ממתן הלוואה למי שאינו עמית או מבוטח | B17: 11.441104
A18: ב. הוצאה הנובעת מהשקעה בזכויות במקרקעין
A20: 4. מסים החלים על משקיע מוסדי, על נכסיו, על הכנסותיו ועל עסקאות שנעשו בנכסיו
A22: 5. סך הוצאות בעד ניהול תביעות | B22: 0
A24: 6. סך הוצאות בעד מתן משכנתאות | B24: 0
A26: 7. סך הכל הוצאות ישירות שאינן מסוג עמלת ניהול חיצוני (סכום סעיפים 1 עד 6) | B26: 322.93076
A28: 8. שווי ממוצע של נכסי הקופה או המסלול (ממוצע פשוט של סעיפים8א ו- 8ב) | B28: 376747.19
A29: א. השווי המשוערך של נכסי הקופה או המסלול נכון ליום 31 בדצמבר של שנת הכספים שהסתיימה 2024 | B29: 416699.53
A30: ב. השווי המשוערך של נכסי הקופה או המסלול נכון ליום 31 בדצמבר של שנת הכספים שהסתיימה לפני 2023 או לתקופה אחרת לפי העניין | B30: 336794.85
A32: 9. שיעור שנתי של הוצאות ישירות שאינן מסוג עמלת ניהול חיצוני (חלוקה של סעיף 7 בסעיף 8) | B32: 0.00085715507
A34: הוצאות ישירות מסוג עמלת ניהול חיצוני
A35: 10 . סך דמי ניהול משתנים – החלק מתשלום עמלת ניהול חיצוני שנגזר מתשואת הנכסים | B35: 168.99886
A37: 11. סה"כ הוצאות ישירות מסוג "עמלת ניהול חיצוני" (סכום סעיפים 11.א עד11.ט) | B37: 625.31316
A38: א. סך תשלומים הנובעים מהשקעה בקרנות השקעה בישראל | B38: 275.17245
A39: ב. סך תשלומים הנובעים מהשקעה בקרנות השקעה בחו"ל | B39: 98.392723
A40: ג. סך תשלומים למנהלי תיקים ישראלים בגין השקעה בחו"ל | B40: 0
A41: ד. סך תשלומים למנהלי תיקים זרים | B41: 0
A42: ה. סך תשלומים בגין השקעה בקרנות סל כאשר 75 אחוזים לפחות מנכסי הקרן הם נכסים שהונפקו במדינת ישראל לפי מדדים שעליהם הורה הממונה ובתנאים שהורה | B42: 7.7483208
A43: ו. סך תשלומים בגין השקעה בקרנות סל כאשר 75 אחוזים לפחות מנכסי הקרן הם נכסים שלא הונפקו במדינת ישראל ואינם נסחרים או מוחזקים בה | B43: 155.34243
A44: ז. סך תשלומים בגין השקעה בקרנות נאמנות ישראליות כאשר 75 אחוזים לפחות מנכסי הקרן מושקעים בנכסים שלא הונפקו במדינת ישראל ואינם נסחרים או מוחזקים בה | B44: 8.0545854
A45: ח. סך תשלומים בגין השקעה בקרנות נאמנות זרות כאשר 75 אחוזים לפחות מנכסי הקרן מושקעים בנכסים שלא הונפקו במדינת ישראל ואינם נסחרים או מוחזקים בה | B45: 80.362635
A46: ט. סך תשלומים בגין השקעה בקרן טכנולוגיה עילית | B46: 0.24001275
A48: 12. שיעור עמלת ניהול חיצוני בפועל לפני החזר, ככל שבוצע (חלוקה של סעיף 11 בסעיף 8.ב) | B48: 0.0018566589
... A55: 15.ב שיעור עמלת ניהול חיצוני בפועל לאחר החזר, (חלוקה של התוצאה של סעיף 11 בניכוי סעיף 15א, בסעיף 8.ב) | B55: 0.0018566589
A57: סך הכל הוצאות ישירות בפועל (למעט דמי ניהול משתנים כאמור בסעיף 10)
A59: 16. סך כל הוצאות ישירות (סכום של סעיף 7 וסעיף 11 בניכוי סעיף 15א) | B59: 948.24392
A61: 17. שיעור סך ההוצאות הישירות מתוך יתרת נכסים ממוצעת (חלוקה של סעיף 16 בסעיף 8) | B61: 0.0025169237
A63: סך הכל הוצאות ישירות (לצורך חישוב שיעור עלות שנתית צפויה)
A64: 18. שיעור מגבלת עמלת ניהול חיצוני שהמשקיע המוסדי הצהיר עליה בהתאם לתקנה 2א לתקנות הוצאות ישירות עבור שנת הכספים הבאה | B64: 0.0025
A65: 19. De: שיעור הוצאות ישירות (סכום של סעיף 9 וסעיף 18) | B65: 0.0033571551

Sheet כספי שקלי
A1: נספח 1- סך ההוצאות הישירות ששולמו בעד כל סוג של הוצאה ישירה לתקופה המסתיימת ביום 31.12.2024
A3: שם חברת הביטוח: הכשרה חברה לביטוח - הכשרה כספי שקלי | B3: אלפי ₪
A5: 31.12.2024 נספח 1- סך ההוצאות הישירות ששולמו בעד כל סוג של הוצאה ישירה לתקופה המסתיימת ביום
A7: הוצאות ישירות שאינן מסוג עמלת ניהול חיצוני
A8: 1. סך הכל עמלות קנייה ומכירה של ניירות ערך סחירים | B8: 53.635763
A9: א. סך עמלות קנייה ומכירה של ניירות ערך סחירים לצדדים קשורים
A10: ב. סך עמלות קנייה ומכירה של ניירות ערך סחירים לצדדים שאינם קשורים | B10: 53.635763
A12: 2. סך הכל דמי שמירה בשל ניירות ערך סחירים וכל עמלה שגובה מי שמבצע את משמרות ניירות הערך עמלות (קסטודיאן) | B12: 0.07565
A13: א. סך עמלות קסטודיאן לצדדים קשורים
A14: ב. סך עמלות קסטודיאן לצדדים שאינם קשורים | B14: 0.07565
A16: 3. סך הכל הוצאות הנובעות מהשקעות לא סחירות | B16: 0
A17: א. הוצאה הנובעת מהשקעה בניירות ערך לא סחירים או ממתן הלוואה למי שאינו עמית או מבוטח | B17: 0
A18: ב. הוצאה הנובעת מהשקעה בזכויות במקרקעין
A20: 4. מסים החלים על משקיע מוסדי, על נכסיו, על הכנסותיו ועל עסקאות שנעשו בנכסיו
A22: 5. סך הוצאות בעד ניהול תביעות | B22: 0
A24: 6. סך הוצאות בעד מתן משכנתאות | B24: 0
A26: 7. סך הכל הוצאות ישירות שאינן מסוג עמלת ניהול חיצוני (סכום סעיפים 1 עד 6) | B26: 53.711413
A28: 8. שווי ממוצע של נכסי הקופה או המסלול (ממוצע פשוט של סעיפים8א ו- 8ב) | B28: 395417.09
A29: א. השווי המשוערך של נכסי הקופה או המסלול נכון ליום 31 בדצמבר של שנת הכספים שהסתיימה 2024 | B29: 362986.56
A30: ב. השווי המשוערך של נכסי הקופה או המסלול נכון ליום 31 בדצמבר של שנת הכספים שהסתיימה לפני 2023 או לתקופה אחרת לפי העניין | B30: 427847.62
A32: 9. שיעור שנתי של הוצאות ישירות שאינן מסוג עמלת ניהול חיצוני (חלוקה של סעיף 7 בסעיף 8) | B32: 0.00013583483
A34: הוצאות ישירות מסוג עמלת ניהול חיצוני
A35: 10 . סך דמי ניהול משתנים – החלק מתשלום עמלת ניהול חיצוני שנגזר מתשואת הנכסים | B35: 0
A37: 11. סה"כ הוצאות ישירות מסוג "עמלת ניהול חיצוני" (סכום סעיפים 11.א עד11.ט) | B37: 0
A38: א. סך תשלומים הנובעים מהשקעה בקרנות השקעה בישראל | B38: 0
A39: ב. סך תשלומים הנובעים מהשקעה בקרנות השקעה בחו"ל | B39: 0
A40: ג. סך תשלומים למנהלי תיקים ישראלים בגין השקעה בחו"ל | B40: 0
A41: ד. סך תשלומים למנהלי תיקים זרים | B41: 0
A42: ה. סך תשלומים בגין השקעה בקרנות סל כאשר 75 אחוזים לפחות מנכסי הקרן הם נכסים שהונפקו במדינת ישראל לפי מדדים שעליהם הורה הממונה ובתנאים שהורה | B42: 0
A43: ו. סך תשלומים בגין השקעה בקרנות סל כאשר 75 אחוזים לפחות מנכסי הקרן הם נכסים שלא הונפקו במדינת ישראל ואינם נסחרים או מוחזקים בה | B43: 0
A44: ז. סך תשלומים בגין השקעה בקרנות נאמנות ישראליות כאשר 75 אחוזים לפחות מנכסי הקרן מושקעים בנכסים שלא הונפקו במדינת ישראל ואינם נסחרים או מוחזקים בה | B44: 0
A45: ח. סך תשלומים בגין השקעה בקרנות נאמנות זרות כאשר 75 אחוזים לפחות מנכסי הקרן מושקעים בנכסים שלא הונפקו במדינת ישראל ואינם נסחרים או מוחזקים בה | B45: 0
A46: ט. סך תשלומים בגין השקעה בקרן טכנולוגיה עילית | B46: 0
A48: 12. שיעור עמלת ניהול חיצוני בפועל לפני החזר, ככל שבוצע (חלוקה של סעיף 11 בסעיף 8.ב) | B48: 0
... A55: 15.ב שיעור עמלת ניהול חיצוני בפועל לאחר החזר, (חלוקה של התוצאה של סעיף 11 בניכוי סעיף 15א, בסעיף 8.ב) | B55: 0
A57: סך הכל הוצאות ישירות בפועל (למעט דמי ניהול משתנים כאמור בסעיף 10)
A59: 16. סך כל הוצאות ישירות (סכום של סעיף 7 וסעיף 11 בניכוי סעיף 15א) | B59: 53.711413
A61: 17. שיעור סך ההוצאות הישירות מתוך יתרת נכסים ממוצעת (חלוקה של סעיף 16 בסעיף 8) | B61: 0.00013583483
A63: סך הכל הוצאות ישירות (לצורך חישוב שיעור עלות שנתית צפויה)
A64: 18. שיעור מגבלת עמלת ניהול חיצוני שהמשקיע המוסדי הצהיר עליה בהתאם לתקנה 2א לתקנות הוצאות ישירות עבור שנת הכספים הבאה | B64: 0.0015
A65: 19. De: שיעור הוצאות ישירות (סכום של סעיף 9 וסעיף 18) | B65: 0.0016358348

Sheet הכשרה לבני 50 ומטה
A1: נספח 1- סך ההוצאות הישירות ששולמו בעד כל סוג של הוצאה ישירה לתקופה המסתיימת ביום 31.12.2024
A3: שם חברת הביטוח: הכשרה חברה לביטוח - הכשרה לבני 50 ומטה | B3: אלפי ₪
A5: 31.12.2024 נספח 1- סך ההוצאות הישירות ששולמו בעד כל סוג של הוצאה ישירה לתקופה המסתיימת ביום
A7: הוצאות ישירות שאינן מסוג עמלת ניהול חיצוני
A8: 1. סך הכל עמלות קנייה ומכירה של ניירות ערך סחירים | B8: 100.7087
A9: א. סך עמלות קנייה ומכירה של ניירות ערך סחירים לצדדים קשורים
A10: ב. סך עמלות קנייה ומכירה של ניירות ערך סחירים לצדדים שאינם קשורים | B10: 100.7087
A12: 2. סך הכל דמי שמירה בשל ניירות ערך סחירים וכל עמלה שגובה מי שמבצע את משמרות ניירות הערך עמלות (קסטודיאן) | B12: 5.4207944
A13: א. סך עמלות קסטודיאן לצדדים קשורים
A14: ב. סך עמלות קסטודיאן לצדדים שאינם קשורים | B14: 5.4207944
A16: 3. סך הכל הוצאות הנובעות מהשקעות לא סחירות | B16: 24.600583
A17: א. הוצאה הנובעת מהשקעה בניירות ערך לא סחירים או ממתן הלוואה למי שאינו עמית או מבוטח | B17: 24.600583
A18: ב. הוצאה הנובעת מהשקעה בזכויות במקרקעין
A20: 4. מסים החלים על משקיע מוסדי, על נכסיו, על הכנסותיו ועל עסקאות שנעשו בנכסיו
A22: 5. סך הוצאות בעד ניהול תביעות | B22: 0
A24: 6. סך הוצאות בעד מתן משכנתאות | B24: 0
A26: 7. סך הכל הוצאות ישירות שאינן מסוג עמלת ניהול חיצוני (סכום סעיפים 1 עד 6) | B26: 130.73008
A28: 8. שווי ממוצע של נכסי הקופה או המסלול (ממוצע פשוט של סעיפים8א ו- 8ב) | B28: 287760.29
A29: א. השווי המשוערך של נכסי הקופה או המסלול נכון ליום 31 בדצמבר של שנת הכספים שהסתיימה 2024 | B29: 304042.4
A30: ב. השווי המשוערך של נכסי הקופה או המסלול נכון ליום 31 בדצמבר של שנת הכספים שהסתיימה לפני 2023 או לתקופה אחרת לפי העניין | B30: 271478.18
A32: 9. שיעור שנתי של הוצאות ישירות שאינן מסוג עמלת ניהול חיצוני (חלוקה של סעיף 7 בסעיף 8) | B32: 0.00045430201
A34: הוצאות ישירות מסוג עמלת ניהול חיצוני
A35: 10 . סך דמי ניהול משתנים – החלק מתשלום עמלת ניהול חיצוני שנגזר מתשואת הנכסים | B35: 371.02323
A37: 11. סה"כ הוצאות ישירות מסוג "עמלת ניהול חיצוני" (סכום סעיפים 11.א עד11.ט) | B37: 804.85527
A38: א. סך תשלומים הנובעים מהשקעה בקרנות השקעה בישראל | B38: 450.21106
A39: ב. סך תשלומים הנובעים מהשקעה בקרנות השקעה בחו"ל | B39: 208.69295
A40: ג. סך תשלומים למנהלי תיקים ישראלים בגין השקעה בחו"ל | B40: 0
A41: ד. סך תשלומים למנהלי תיקים זרים | B41: 0
A42: ה. סך תשלומים בגין השקעה בקרנות סל כאשר 75 אחוזים לפחות מנכסי הקרן הם נכסים שהונפקו במדינת ישראל לפי מדדים שעליהם הורה הממונה ובתנאים שהורה | B42: 2.7474488
A43: ו. סך תשלומים בגין השקעה בקרנות סל כאשר 75 אחוזים לפחות מנכסי הקרן הם נכסים שלא הונפקו במדינת ישראל ואינם נסחרים או מוחזקים בה | B43: 73.343319
A44: ז. סך תשלומים בגין השקעה בקרנות נאמנות ישראליות כאשר 75 אחוזים לפחות מנכסי הקרן מושקעים בנכסים שלא הונפקו במדינת ישראל ואינם נסחרים או מוחזקים בה | B44: 4.1396236
A45: ח. סך תשלומים בגין השקעה בקרנות נאמנות זרות כאשר 75 אחוזים לפחות מנכסי הקרן מושקעים בנכסים שלא הונפקו במדינת ישראל ואינם נסחרים או מוחזקים בה | B45: 65.112579
A46: ט. סך תשלומים בגין השקעה בקרן טכנולוגיה עילית | B46: 0.60828168
A48: 12. שיעור עמלת ניהול חיצוני בפועל לפני החזר, ככל שבוצע (חלוקה של סעיף 11 בסעיף 8.ב) | B48: 0.0029647144
... A52: 14. ההפרש בין שיעור מגבלת עמלת ניהול חיצוני מוצהרת לבין שיעור עמלת ניהול חיצוני בפועל (סעיף 13 פחות סעיף 12) | B52: 3.5285572e-05
A54: 15.א סכום שהוחזר לחוסכים (אם הוחזר)
A55: 15.ב שיעור עמלת ניהול חיצוני בפועל לאחר החזר, (חלוקה של התוצאה של סעיף 11 בניכוי סעיף 15א, בסעיף 8.ב) | B55: 0.0029647144
A57: סך הכל הוצאות ישירות בפועל (למעט דמי ניהול משתנים כאמור בסעיף 10)
A59: 16. סך כל הוצאות ישירות (סכום של סעיף 7 וסעיף 11 בניכוי סעיף 15א) | B59: 935.58535
A61: 17. שיעור סך ההוצאות הישירות מתוך יתרת נכסים ממוצעת (חלוקה של סעיף 16 בסעיף 8) | B61: 0.0032512663
A63: סך הכל הוצאות ישירות (לצורך חישוב שיעור עלות שנתית צפויה)
A64: 18. שיעור מגבלת עמלת ניהול חיצוני שהמשקיע המוסדי הצהיר עליה בהתאם לתקנה 2א לתקנות הוצאות ישירות עבור שנת הכספים הבאה | B64: 0.003
A65: 19. De: שיעור הוצאות ישירות (סכום של סעיף 9 וסעיף 18) | B65: 0.003454302

Sheet הכשרה לבני 50-60
A1: נספח 1- סך ההוצאות הישירות ששולמו בעד כל סוג של הוצאה ישירה לתקופה המסתיימת ביום 31.12.2024
A3: שם חברת הביטוח: הכשרה חברה לביטוח - הכשרה לבני 50-60 | B3: אלפי ₪
A5: 31.12.2024 נספח 1- סך ההוצאות הישירות ששולמו בעד כל סוג של הוצאה ישירה לתקופה המסתיימת ביום
A7: הוצאות ישירות שאינן מסוג עמלת ניהול חיצוני
A8: 1. סך הכל עמלות קנייה ומכירה של ניירות ערך סחירים | B8: 64.118023
A9: א. סך עמלות קנייה ומכירה של ניירות ערך סחירים לצדדים קשורים
A10: ב. סך עמלות קנייה ומכירה של ניירות ערך סחירים לצדדים שאינם קשורים | B10: 64.118023
A12: 2. סך הכל דמי שמירה בשל ניירות ערך סחירים וכל עמלה שגובה מי שמבצע את משמרות ניירות הערך עמלות (קסטודיאן) | B12: 4.8718485
A13: א. סך עמלות קסטודיאן לצדדים קשורים
A14: ב. סך עמלות קסטודיאן לצדדים שאינם קשורים | B14: 4.8718485
A16: 3. סך הכל הוצאות הנובעות מהשקעות לא סחירות | B16: 8.5501
A17: א. הוצאה הנובעת מהשקעה בניירות ערך לא סחירים או ממתן הלוואה למי שאינו עמית או מבוטח | B17: 8.5501
A18: ב. הוצאה הנובעת מהשקעה בזכויות במקרקעין
A20: 4. מסים החלים על משקיע מוסדי, על נכסיו, על הכנסותיו ועל עסקאות שנעשו בנכסיו
A22: 5. סך הוצאות בעד ניהול תביעות | B22: 0
A24: 6. סך הוצאות בעד מתן משכנתאות | B24: 0
A26: 7. סך הכל הוצאות ישירות שאינן מסוג עמלת ניהול חיצוני (סכום סעיפים 1 עד 6) | B26: 77.539972
A28: 8. שווי ממוצע של נכסי הקופה או המסלול (ממוצע פשוט של סעיפים8א ו- 8ב) | B28: 199935.48
A29: א. השווי המשוערך של נכסי הקופה או המסלול נכון ליום 31 בדצמבר של שנת הכספים שהסתיימה 2024 | B29: 232636.38
A30: ב. השווי המשוערך של נכסי הקופה או המסלול נכון ליום 31 בדצמבר של שנת הכספים שהסתיימה לפני 2023 או לתקופה אחרת לפי העניין | B30: 167234.58
A32: 9. שיעור שנתי של הוצאות ישירות שאינן מסוג עמלת ניהול חיצוני (חלוקה של סעיף 7 בסעיף 8) | B32: 0.00038782498
A34: הוצאות ישירות מסוג עמלת ניהול חיצוני
A35: 10 . סך דמי ניהול משתנים – החלק מתשלום עמלת ניהול חיצוני שנגזר מתשואת הנכסים | B35: 150.83698
A37: 11. סה"כ הוצאות ישירות מסוג "עמלת ניהול חיצוני" (סכום סעיפים 11.א עד11.ט) | B37: 339.5317
A38: א. סך תשלומים הנובעים מהשקעה בקרנות השקעה בישראל | B38: 165.49321
A39: ב. סך תשלומים הנובעים מהשקעה בקרנות השקעה בחו"ל | B39: 87.825816
A40: ג. סך תשלומים למנהלי תיקים ישראלים בגין השקעה בחו"ל | B40: 0
A41: ד. סך תשלומים למנהלי תיקים זרים | B41: 0
A42: ה. סך תשלומים בגין השקעה בקרנות סל כאשר 75 אחוזים לפחות מנכסי הקרן הם נכסים שהונפקו במדינת ישראל לפי מדדים שעליהם הורה הממונה ובתנאים שהורה | B42: 1.6644672
A43: ו. סך תשלומים בגין השקעה בקרנות סל כאשר 75 אחוזים לפחות מנכסי הקרן הם נכסים שלא הונפקו במדינת ישראל ואינם נסחרים או מוחזקים בה | B43: 47.473852
A44: ז. סך תשלומים בגין השקעה בקרנות נאמנות ישראליות כאשר 75 אחוזים לפחות מנכסי הקרן מושקעים בנכסים שלא הונפקו במדינת ישראל ואינם נסחרים או מוחזקים בה | B44: 2.3573487
A45: ח. סך תשלומים בגין השקעה בקרנות נאמנות זרות כאשר 75 אחוזים לפחות מנכסי הקרן מושקעים בנכסים שלא הונפקו במדינת ישראל ואינם נסחרים או מוחזקים בה | B45: 34.545077
A46: ט. סך תשלומים בגין השקעה בקרן טכנולוגיה עילית | B46: 0.1719253
A48: 12. שיעור עמלת ניהול חיצוני בפועל לפני החזר, ככל שבוצע (חלוקה של סעיף 11 בסעיף 8.ב) | B48: 0.0020302721
... A52: 14. ההפרש בין שיעור מגבלת עמלת ניהול חיצוני מוצהרת לבין שיעור עמלת ניהול חיצוני בפועל (סעיף 13 פחות סעיף 12) | B52: 0.00046972786
A54: 15.א סכום שהוחזר לחוסכים (אם הוחזר)
A55: 15.ב שיעור עמלת ניהול חיצוני בפועל לאחר החזר, (חלוקה של התוצאה של סעיף 11 בניכוי סעיף 15א, בסעיף 8.ב) | B55: 0.0020302721
A57: סך הכל הוצאות ישירות בפועל (למעט דמי ניהול משתנים כאמור בסעיף 10)
A59: 16. סך כל הוצאות ישירות (סכום של סעיף 7 וסעיף 11 בניכוי סעיף 15א) | B59: 417.07167
A61: 17. שיעור סך ההוצאות הישירות מתוך יתרת נכסים ממוצעת (חלוקה של סעיף 16 בסעיף 8) | B61: 0.0020860314
A63: סך הכל הוצאות ישירות (לצורך חישוב שיעור עלות שנתית צפויה)
A64: 18. שיעור מגבלת עמלת ניהול חיצוני שהמשקיע המוסדי הצהיר עליה בהתאם לתקנה 2א לתקנות הוצאות ישירות עבור שנת הכספים הבאה | B64: 0.0025
A65: 19. De: שיעור הוצאות ישירות (סכום של סעיף 9 וסעיף 18) | B65: 0.002887825

Sheet הכשרה לבני 60 ומעלה
A1: נספח 1- סך ההוצאות הישירות ששולמו בעד כל סוג של הוצאה ישירה לתקופה המסתיימת ביום 31.12.2024
A3: שם חברת הביטוח: הכשרה חברה לביטוח - הכשרה לבני 60 ומעלה | B3: אלפי ₪
A5: 31.12.2024 נספח 1- סך ההוצאות הישירות ששולמו בעד כל סוג של הוצאה ישירה לתקופה המסתיימת ביום
A7: הוצאות ישירות שאינן מסוג עמלת ניהול חיצוני
A8: 1. סך הכל עמלות קנייה ומכירה של ניירות ערך סחירים | B8: 48.032812
A9: א. סך עמלות קנייה ומכירה של ניירות ערך סחירים לצדדים קשורים
A10: ב. סך עמלות קנייה ומכירה של ניירות ערך סחירים לצדדים שאינם קשורים | B10: 48.032812
A12: 2. סך הכל דמי שמירה בשל ניירות ערך סחירים וכל עמלה שגובה מי שמבצע את משמרות ניירות הערך עמלות (קסטודיאן) | B12: 4.8296602
A13: א. סך עמלות קסטודיאן לצדדים קשורים
A14: ב. סך עמלות קסטודיאן לצדדים שאינם קשורים | B14: 4.8296602
A16: 3. סך הכל הוצאות הנובעות מהשקעות לא סחירות | B16: 6.7789166
A17: א. הוצאה הנובעת מהשקעה בניירות ערך לא סחירים או ממתן הלוואה למי שאינו עמית או מבוטח | B17: 6.7789166
A18: ב. הוצאה הנובעת מהשקעה בזכויות במקרקעין
A20: 4. מסים החלים על משקיע מוסדי, על נכסיו, על הכנסותיו ועל עסקאות שנעשו בנכסיו
A22: 5. סך הוצאות בעד ניהול תביעות | B22: 0
A24: 6. סך הוצאות בעד מתן משכנתאות | B24: 0
A26: 7. סך הכל הוצאות ישירות שאינן מסוג עמלת ניהול חיצוני (סכום סעיפים 1 עד 6) | B26: 59.641389
A28: 8. שווי ממוצע של נכסי הקופה או המסלול (ממוצע פשוט של סעיפים8א ו- 8ב) | B28: 157545.98
A29: א. השווי המשוערך של נכסי הקופה או המסלול נכון ליום 31 בדצמבר של שנת הכספים שהסתיימה 2024 | B29: 189618.82
A30: ב. השווי המשוערך של נכסי הקופה או המסלול נכון ליום 31 בדצמבר של שנת הכספים שהסתיימה לפני 2023 או לתקופה אחרת לפי העניין | B30: 125473.13
A32: 9. שיעור שנתי של הוצאות ישירות שאינן מסוג עמלת ניהול חיצוני (חלוקה של סעיף 7 בסעיף 8) | B32: 0.00037856497
A34: הוצאות ישירות מסוג עמלת ניהול חיצוני
A35: 10 . סך דמי ניהול משתנים – החלק מתשלום עמלת ניהול חיצוני שנגזר מתשואת הנכסים | B35: 113.46385
A37: 11. סה"כ הוצאות ישירות מסוג "עמלת ניהול חיצוני" (סכום סעיפים 11.א עד11.ט) | B37: 237.55748
A38: א. סך תשלומים הנובעים מהשקעה בקרנות השקעה בישראל | B38: 124.49653
A39: ב. סך תשלומים הנובעים מהשקעה בקרנות השקעה בחו"ל | B39: 65.215449
A40: ג. סך תשלומים למנהלי תיקים ישראלים בגין השקעה בחו"ל | B40: 0
A41: ד. סך תשלומים למנהלי תיקים זרים | B41: 0
A42: ה. סך תשלומים בגין השקעה בקרנות סל כאשר 75 אחוזים לפחות מנכסי הקרן הם נכסים שהונפקו במדינת ישראל לפי מדדים שעליהם הורה הממונה ובתנאים שהורה | B42: 0.3392382
A43: ו. סך תשלומים בגין השקעה בקרנות סל כאשר 75 אחוזים לפחות מנכסי הקרן הם נכסים שלא הונפקו במדינת ישראל ואינם נסחרים או מוחזקים בה | B43: 25.928516
A44: ז. סך תשלומים בגין השקעה בקרנות נאמנות ישראליות כאשר 75 אחוזים לפחות מנכסי הקרן מושקעים בנכסים שלא הונפקו במדינת ישראל ואינם נסחרים או מוחזקים בה | B44: 1.3547556
A45: ח. סך תשלומים בגין השקעה בקרנות נאמנות זרות כאשר 75 אחוזים לפחות מנכסי הקרן מושקעים בנכסים שלא הונפקו במדינת ישראל ואינם נסחרים או מוחזקים בה | B45: 20.149011
A46: ט. סך תשלומים בגין השקעה בקרן טכנולוגיה עילית | B46: 0.073985787
A48: 12. שיעור עמלת ניהול חיצוני בפועל לפני החזר, ככל שבוצע (חלוקה של סעיף 11 בסעיף 8.ב) | B48: 0.0018932936
... A55: 15.ב שיעור עמלת ניהול חיצוני בפועל לאחר החזר, (חלוקה של התוצאה של סעיף 11 בניכוי סעיף 15א, בסעיף 8.ב) | B55: 0.0018932936
A57: סך הכל הוצאות ישירות בפועל (למעט דמי ניהול משתנים כאמור בסעיף 10)
A59: 16. סך כל הוצאות ישירות (סכום של סעיף 7 וסעיף 11 בניכוי סעיף 15א) | B59: 297.19887
A61: 17. שיעור סך ההוצאות הישירות מתוך יתרת נכסים ממוצעת (חלוקה של סעיף 16 בסעיף 8) | B61: 0.0018864263
A63: סך הכל הוצאות ישירות (לצורך חישוב שיעור עלות שנתית צפויה)
A64: 18. שיעור מגבלת עמלת ניהול חיצוני שהמשקיע המוסדי הצהיר עליה בהתאם לתקנה 2א לתקנות הוצאות ישירות עבור שנת הכספים הבאה | B64: 0.0025
A65: 19. De: שיעור הוצאות ישירות (סכום של סעיף 9 וסעיף 18) | B65: 0.002878565

Sheet הכשרה מקבלי קצבה
A1: נספח 1- סך ההוצאות הישירות ששולמו בעד כל סוג של הוצאה ישירה לתקופה המסתיימת ביום 31.12.2024
A3: שם חברת הביטוח: הכשרה חברה לביטוח - הכשרה מקבלי קצבה | B3: אלפי ₪
A5: 31.12.2024 נספח 1- סך ההוצאות הישירות ששולמו בעד כל סוג של הוצאה ישירה לתקופה המסתיימת ביום
A7: הוצאות ישירות שאינן מסוג עמלת ניהול חיצוני
A8: 1. סך הכל עמלות קנייה ומכירה של ניירות ערך סחירים | B8: 71.996571
A9: א. סך עמלות קנייה ומכירה של ניירות ערך סחירים לצדדים קשורים
A10: ב. סך עמלות קנייה ומכירה של ניירות ערך סחירים לצדדים שאינם קשורים | B10: 71.996571
A12: 2. סך הכל דמי שמירה בשל ניירות ערך סחירים וכל עמלה שגובה מי שמבצע את משמרות ניירות הערך עמלות (קסטודיאן) | B12: 5.0576032
A13: א. סך עמלות קסטודיאן לצדדים קשורים
A14: ב. סך עמלות קסטודיאן לצדדים שאינם קשורים | B14: 5.0576032
A16: 3. סך הכל הוצאות הנובעות מהשקעות לא סחירות | B16: 7.3482018
A17: א. הוצאה הנובעת מהשקעה בניירות ערך לא סחירים או ממתן הלוואה למי שאינו עמית או מבוטח | B17: 7.3482018
A18: ב. הוצאה הנובעת מהשקעה בזכויות במקרקעין
A20: 4. מסים החלים על משקיע מוסדי, על נכסיו, על הכנסותיו ועל עסקאות שנעשו בנכסיו
A22: 5. סך הוצאות בעד ניהול תביעות | B22: 0
A24: 6. סך הוצאות בעד מתן משכנתאות | B24: 0
A26: 7. סך הכל הוצאות ישירות שאינן מסוג עמלת ניהול חיצוני (סכום סעיפים 1 עד 6) | B26: 84.402376
A28: 8. שווי ממוצע של נכסי הקופה או המסלול (ממוצע פשוט של סעיפים8א ו- 8ב) | B28: 261265.48
A29: א. השווי המשוערך של נכסי הקופה או המסלול נכון ליום 31 בדצמבר של שנת הכספים שהסתיימה 2024 | B29: 285860.85
A30: ב. השווי המשוערך של נכסי הקופה או המסלול נכון ליום 31 בדצמבר של שנת הכספים שהסתיימה לפני 2023 או לתקופה אחרת לפי העניין | B30: 236670.1
A32: 9. שיעור שנתי של הוצאות ישירות שאינן מסוג עמלת ניהול חיצוני (חלוקה של סעיף 7 בסעיף 8) | B32: 0.00032305216
A34: הוצאות ישירות מסוג עמלת ניהול חיצוני
A35: 10 . סך דמי ניהול משתנים – החלק מתשלום עמלת ניהול חיצוני שנגזר מתשואת הנכסים | B35: 203.03009
A37: 11. סה"כ הוצאות ישירות מסוג "עמלת ניהול חיצוני" (סכום סעיפים 11.א עד11.ט) | B37: 442.76767
A38: א. סך תשלומים הנובעים מהשקעה בקרנות השקעה בישראל | B38: 247.02888
A39: ב. סך תשלומים הנובעים מהשקעה בקרנות השקעה בחו"ל | B39: 117.8773
A40: ג. סך תשלומים למנהלי תיקים ישראלים בגין השקעה בחו"ל | B40: 0
A41: ד. סך תשלומים למנהלי תיקים זרים | B41: 0
A42: ה. סך תשלומים בגין השקעה בקרנות סל כאשר 75 אחוזים לפחות מנכסי הקרן הם נכסים שהונפקו במדינת ישראל לפי מדדים שעליהם הורה הממונה ובתנאים שהורה | B42: 2.2759709
A43: ו. סך תשלומים בגין השקעה בקרנות סל כאשר 75 אחוזים לפחות מנכסי הקרן הם נכסים שלא הונפקו במדינת ישראל ואינם נסחרים או מוחזקים בה | B43: 38.197893
A44: ז. סך תשלומים בגין השקעה בקרנות נאמנות ישראליות כאשר 75 אחוזים לפחות מנכסי הקרן מושקעים בנכסים שלא הונפקו במדינת ישראל ואינם נסחרים או מוחזקים בה | B44: 2.7053978
A45: ח. סך תשלומים בגין השקעה בקרנות נאמנות זרות כאשר 75 אחוזים לפחות מנכסי הקרן מושקעים בנכסים שלא הונפקו במדינת ישראל ואינם נסחרים או מוחזקים בה | B45: 34.670877
A46: ט. סך תשלומים בגין השקעה בקרן טכנולוגיה עילית | B46: 0.011353694
A48: 12. שיעור עמלת ניהול חיצוני בפועל לפני החזר, ככל שבוצע (חלוקה של סעיף 11 בסעיף 8.ב) | B48: 0.0018708222
... A55: 15.ב שיעור עמלת ניהול חיצוני בפועל לאחר החזר, (חלוקה של התוצאה של סעיף 11 בניכוי סעיף 15א, בסעיף 8.ב) | B55: 0.0018708222
A57: סך הכל הוצאות ישירות בפועל (למעט דמי ניהול משתנים כאמור בסעיף 10)
A59: 16. סך כל הוצאות ישירות (סכום של סעיף 7 וסעיף 11 בניכוי סעיף 15א) | B59: 527.17005
A61: 17. שיעור סך ההוצאות הישירות מתוך יתרת נכסים ממוצעת (חלוקה של סעיף 16 בסעיף 8) | B61: 0.0020177563
A63: סך הכל הוצאות ישירות (לצורך חישוב שיעור עלות שנתית צפויה)
A64: 18. שיעור מגבלת עמלת ניהול חיצוני שהמשקיע המוסדי הצהיר עליה בהתאם לתקנה 2א לתקנות הוצאות ישירות עבור שנת הכספים הבאה | B64: 0.0025
A65: 19. De: שיעור הוצאות ישירות (סכום של סעיף 9 וסעיף 18) | B65: 0.0028230522

Sheet הכשרה אשראי ואג"ח
A1: נספח 1- סך ההוצאות הישירות ששולמו בעד כל סוג של הוצאה ישירה לתקופה המסתיימת ביום 31.12.2024
A3: שם חברת הביטוח: הכשרה חברה לביטוח - הכשרה אג"ח | B3: אלפי ₪
A5: 31.12.2024 נספח 1- סך ההוצאות הישירות ששולמו בעד כל סוג של הוצאה ישירה לתקופה המסתיימת ביום
A7: הוצאות ישירות שאינן מסוג עמלת ניהול חיצוני
A8: 1. סך הכל עמלות קנייה ומכירה של ניירות ערך סחירים | B8: 129.91325
A9: א. סך עמלות קנייה ומכירה של ניירות ערך סחירים לצדדים קשורים
A10: ב. סך עמלות קנייה ומכירה של ניירות ערך סחירים לצדדים שאינם קשורים | B10: 129.91325
A12: 2. סך הכל דמי שמירה בשל ניירות ערך סחירים וכל עמלה שגובה מי שמבצע את משמרות ניירות הערך עמלות (קסטודיאן) | B12: 0.69921646
A13: א. סך עמלות קסטודיאן לצדדים קשורים
A14: ב. סך עמלות קסטודיאן לצדדים שאינם קשורים | B14: 0.69921646
A16: 3. סך הכל הוצאות הנובעות מהשקעות לא סחירות | B16: 1.459
A17: א. הוצאה הנובעת מהשקעה בניירות ערך לא סחירים או ממתן הלוואה למי שאינו עמית או מבוטח | B17: 1.459
A18: ב. הוצאה הנובעת מהשקעה בזכויות במקרקעין
A20: 4. מסים החלים על משקיע מוסדי, על נכסיו, על הכנסותיו ועל עסקאות שנעשו בנכסיו
A22: 5. סך הוצאות בעד ניהול תביעות | B22: 0
A24: 6. סך הוצאות בעד מתן משכנתאות | B24: 0
A26: 7. סך הכל הוצאות ישירות שאינן מסוג עמלת ניהול חיצוני (סכום סעיפים 1 עד 6) | B26: 132.07146
A28: 8. שווי ממוצע של נכסי הקופה או המסלול (ממוצע פשוט של סעיפים8א ו- 8ב) | B28: 342950.69
A29: א. השווי המשוערך של נכסי הקופה או המסלול נכון ליום 31 בדצמבר של שנת הכספים שהסתיימה 2024 | B29: 407963.52
A30: ב. השווי המשוערך של נכסי הקופה או המסלול נכון ליום 31 בדצמבר של שנת הכספים שהסתיימה לפני 2023 או לתקופה אחרת לפי העניין | B30: 277937.85
A32: 9. שיעור שנתי של הוצאות ישירות שאינן מסוג עמלת ניהול חיצוני (חלוקה של סעיף 7 בסעיף 8) | B32: 0.00038510336
A34: הוצאות ישירות מסוג עמלת ניהול חיצוני
A35: 10 . סך דמי ניהול משתנים – החלק מתשלום עמלת ניהול חיצוני שנגזר מתשואת הנכסים | B35: 1090.5621
A37: 11. סה"כ הוצאות ישירות מסוג "עמלת ניהול חיצוני" (סכום סעיפים 11.א עד11.ט) | B37: 1175.4149
A38: א. סך תשלומים הנובעים מהשקעה בקרנות השקעה בישראל | B38: 165.665
A39: ב. סך תשלומים הנובעים מהשקעה בקרנות השקעה בחו"ל | B39: 433.91519
A40: ג. סך תשלומים למנהלי תיקים ישראלים בגין השקעה בחו"ל | B40: 0
A41: ד. סך תשלומים למנהלי תיקים זרים | B41: 0
A42: ה. סך תשלומים בגין השקעה בקרנות סל כאשר 75 אחוזים לפחות מנכסי הקרן הם נכסים שהונפקו במדינת ישראל לפי מדדים שעליהם הורה הממונה ובתנאים שהורה | B42: 0
A43: ו. סך תשלומים בגין השקעה בקרנות סל כאשר 75 אחוזים לפחות מנכסי הקרן הם נכסים שלא הונפקו במדינת ישראל ואינם נסחרים או מוחזקים בה | B43: 19.994036
A44: ז. סך תשלומים בגין השקעה בקרנות נאמנות ישראליות כאשר 75 אחוזים לפחות מנכסי הקרן מושקעים בנכסים שלא הונפקו במדינת ישראל ואינם נסחרים או מוחזקים בה | B44: 0
A45: ח. סך תשלומים בגין השקעה בקרנות נאמנות זרות כאשר 75 אחוזים לפחות מנכסי הקרן מושקעים בנכסים שלא הונפקו במדינת ישראל ואינם נסחרים או מוחזקים בה | B45: 555.8407
A46: ט. סך תשלומים בגין השקעה בקרן טכנולוגיה עילית | B46: 0
A48: 12. שיעור עמלת ניהול חיצוני בפועל לפני החזר, ככל שבוצע (חלוקה של סעיף 11 בסעיף 8.ב) | B48: 0.0042290567
... A55: 15.ב שיעור עמלת ניהול חיצוני בפועל לאחר החזר, (חלוקה של התוצאה של סעיף 11 בניכוי סעיף 15א, בסעיף 8.ב) | B55: 0.0042290567
A57: סך הכל הוצאות ישירות בפועל (למעט דמי ניהול משתנים כאמור בסעיף 10)
A59: 16. סך כל הוצאות ישירות (סכום של סעיף 7 וסעיף 11 בניכוי סעיף 15א) | B59: 1307.4864
A61: 17. שיעור סך ההוצאות הישירות מתוך יתרת נכסים ממוצעת (חלוקה של סעיף 16 בסעיף 8) | B61: 0.0038124618
A63: סך הכל הוצאות ישירות (לצורך חישוב שיעור עלות שנתית צפויה)
A64: 18. שיעור מגבלת עמלת ניהול חיצוני שהמשקיע המוסדי הצהיר עליה בהתאם לתקנה 2א לתקנות הוצאות ישירות עבור שנת הכספים הבאה | B64: 0.005
A65: 19. De: שיעור הוצאות ישירות (סכום של סעיף 9 וסעיף 18) | B65: 0.0053851034

Sheet הכשרה אשראי ואג"ח עד 25%
A1: נספח 1- סך ההוצאות הישירות ששולמו בעד כל סוג של הוצאה ישירה לתקופה המסתיימת ביום 31.12.2024
A3: שם חברת הביטוח: הכשרה חברה לביטוח - הכשרה אשראי ואג"ח עד 25% | B3: אלפי ₪
A5: 31.12.2024 נספח 1- סך ההוצאות הישירות ששולמו בעד כל סוג של הוצאה ישירה לתקופה המסתיימת ביום
A7: הוצאות ישירות שאינן מסוג עמלת ניהול חיצוני
A8: 1. סך הכל עמלות קנייה ומכירה של ניירות ערך סחירים | B8: 9.9190345
A9: א. סך עמלות קנייה ומכירה של ניירות ערך סחירים לצדדים קשורים
A10: ב. סך עמלות קנייה ומכירה של ניירות ערך סחירים לצדדים שאינם קשורים | B10: 9.9190345
A12: 2. סך הכל דמי שמירה בשל ניירות ערך סחירים וכל עמלה שגובה מי שמבצע את משמרות ניירות הערך עמלות (קסטודיאן) | B12: 0.02795222
A13: א. סך עמלות קסטודיאן לצדדים קשורים
A14: ב. סך עמלות קסטודיאן לצדדים שאינם קשורים | B14: 0.02795222
A16: 3. סך הכל הוצאות הנובעות מהשקעות לא סחירות | B16: 0
A17: א. הוצאה הנובעת מהשקעה בניירות ערך לא סחירים או ממתן הלוואה למי שאינו עמית או מבוטח | B17: 0
A18: ב. הוצאה הנובעת מהשקעה בזכויות במקרקעין
A20: 4. מסים החלים על משקיע מוסדי, על נכסיו, על הכנסותיו ועל עסקאות שנעשו בנכסיו
A22: 5. סך הוצאות בעד ניהול תביעות | B22: 0
A24: 6. סך הוצאות בעד מתן משכנתאות | B24: 0
A26: 7. סך הכל הוצאות ישירות שאינן מסוג עמלת ניהול חיצוני (סכום סעיפים 1 עד 6) | B26: 9.9469867
A28: 8. שווי ממוצע של נכסי הקופה או המסלול (ממוצע פשוט של סעיפים8א ו- 8ב) | B28: 33148.507
A29: א. השווי המשוערך של נכסי הקופה או המסלול נכון ליום 31 בדצמבר של שנת הכספים שהסתיימה 2024 | B29: 33148.507
A30: ב. השווי המשוערך של נכסי הקופה או המסלול נכון ליום 31 בדצמבר של שנת הכספים שהסתיימה לפני 2023 או לתקופה אחרת לפי העניין | B30: 33148.507
A32: 9. שיעור שנתי של הוצאות ישירות שאינן מסוג עמלת ניהול חיצוני (חלוקה של סעיף 7 בסעיף 8) | B32: 0.00030007344
A34: הוצאות ישירות מסוג עמלת ניהול חיצוני
A35: 10 . סך דמי ניהול משתנים – החלק מתשלום עמלת ניהול חיצוני שנגזר מתשואת הנכסים | B35: 0
A37: 11. סה"כ הוצאות ישירות מסוג "עמלת ניהול חיצוני" (סכום סעיפים 11.א עד11.ט) | B37: 0.2586348
A38: א. סך תשלומים הנובעים מהשקעה בקרנות השקעה בישראל | B38: 0
A39: ב. סך תשלומים הנובעים מהשקעה בקרנות השקעה בחו"ל | B39: 0
A40: ג. סך תשלומים למנהלי תיקים ישראלים בגין השקעה בחו"ל | B40: 0
A41: ד. סך תשלומים למנהלי תיקים זרים | B41: 0
A42: ה. סך תשלומים בגין השקעה בקרנות סל כאשר 75 אחוזים לפחות מנכסי הקרן הם נכסים שהונפקו במדינת ישראל לפי מדדים שעליהם הורה הממונה ובתנאים שהורה | B42: 0
A43: ו. סך תשלומים בגין השקעה בקרנות סל כאשר 75 אחוזים לפחות מנכסי הקרן הם נכסים שלא הונפקו במדינת ישראל ואינם נסחרים או מוחזקים בה | B43: 0.2586348
A44: ז. סך תשלומים בגין השקעה בקרנות נאמנות ישראליות כאשר 75 אחוזים לפחות מנכסי הקרן מושקעים בנכסים שלא הונפקו במדינת ישראל ואינם נסחרים או מוחזקים בה | B44: 0
A45: ח. סך תשלומים בגין השקעה בקרנות נאמנות זרות כאשר 75 אחוזים לפחות מנכסי הקרן מושקעים בנכסים שלא הונפקו במדינת ישראל ואינם נסחרים או מוחזקים בה | B45: 0
A46: ט. סך תשלומים בגין השקעה בקרן טכנולוגיה עילית | B46: 0
A48: 12. שיעור עמלת ניהול חיצוני בפועל לפני החזר, ככל שבוצע (חלוקה של סעיף 11 בסעיף 8.ב) | B48: 7.8023061e-06
... A55: 15.ב שיעור עמלת ניהול חיצוני בפועל לאחר החזר, (חלוקה של התוצאה של סעיף 11 בניכוי סעיף 15א, בסעיף 8.ב) | B55: 7.8023061e-06
A57: סך הכל הוצאות ישירות בפועל (למעט דמי ניהול משתנים כאמור בסעיף 10)
A59: 16. סך כל הוצאות ישירות (סכום של סעיף 7 וסעיף 11 בניכוי סעיף 15א) | B59: 10.205621
A61: 17. שיעור סך ההוצאות הישירות מתוך יתרת נכסים ממוצעת (חלוקה של סעיף 16 בסעיף 8) | B61: 0.00030787575
A63: סך הכל הוצאות ישירות (לצורך חישוב שיעור עלות שנתית צפויה)
A64: 18. שיעור מגבלת עמלת ניהול חיצוני שהמשקיע המוסדי הצהיר עליה בהתאם לתקנה 2א לתקנות הוצאות ישירות עבור שנת הכספים הבאה | B64: 0.0015
A65: 19. De: שיעור הוצאות ישירות (סכום של סעיף 9 וסעיף 18) | B65: 0.0018000734

Sheet הכשרה עוקב מדדים גמיש
A1: נספח 1- סך ההוצאות הישירות ששולמו בעד כל סוג של הוצאה ישירה לתקופה המסתיימת ביום 31.12.2024
A3: שם חברת הביטוח: הכשרה חברה לביטוח - הכשרה עוקב מדדים גמיש | B3: אלפי ₪
A5: 31.12.2024 נספח 1- סך ההוצאות הישירות ששולמו בעד כל סוג של הוצאה ישירה לתקופה המסתיימת ביום
A7: הוצאות ישירות שאינן מסוג עמלת ניהול חיצוני
A8: 1. סך הכל עמלות קנייה ומכירה של ניירות ערך סחירים | B8: 8.4462963
A9: א. סך עמלות קנייה ומכירה של ניירות ערך סחירים לצדדים קשורים
A10: ב. סך עמלות קנייה ומכירה של ניירות ערך סחירים לצדדים שאינם קשורים | B10: 8.4462963
A12: 2. סך הכל דמי שמירה בשל ניירות ערך סחירים וכל עמלה שגובה מי שמבצע את משמרות ניירות הערך עמלות (קסטודיאן) | B12: 0
A13: א. סך עמלות קסטודיאן לצדדים קשורים
A14: ב. סך עמלות קסטודיאן לצדדים שאינם קשורים | B14: 0
A16: 3. סך הכל הוצאות הנובעות מהשקעות לא סחירות | B16: 0
A17: א. הוצאה הנובעת מהשקעה בניירות ערך לא סחירים או ממתן הלוואה למי שאינו עמית או מבוטח | B17: 0
A18: ב. הוצאה הנובעת מהשקעה בזכויות במקרקעין
A20: 4. מסים החלים על משקיע מוסדי, על נכסיו, על הכנסותיו ועל עסקאות שנעשו בנכסיו
A22: 5. סך הוצאות בעד ניהול תביעות | B22: 0
A24: 6. סך הוצאות בעד מתן משכנתאות | B24: 0
A26: 7. סך הכל הוצאות ישירות שאינן מסוג עמלת ניהול חיצוני (סכום סעיפים 1 עד 6) | B26: 8.4462963
A28: 8. שווי ממוצע של נכסי הקופה או המסלול (ממוצע פשוט של סעיפים8א ו- 8ב) | B28: 19842.705
A29: א. השווי המשוערך של נכסי הקופה או המסלול נכון ליום 31 בדצמבר של שנת הכספים שהסתיימה 2024 | B29: 25842.298
A30: ב. השווי המשוערך של נכסי הקופה או המסלול נכון ליום 31 בדצמבר של שנת הכספים שהסתיימה לפני 2023 או לתקופה אחרת לפי העניין | B30: 13843.112
A32: 9. שיעור שנתי של הוצאות ישירות שאינן מסוג עמלת ניהול חיצוני (חלוקה של סעיף 7 בסעיף 8) | B32: 0.00042566254
A34: הוצאות ישירות מסוג עמלת ניהול חיצוני
A35: 10 . סך דמי ניהול משתנים – החלק מתשלום עמלת ניהול חיצוני שנגזר מתשואת הנכסים | B35: 0
A37: 11. סה"כ הוצאות ישירות מסוג "עמלת ניהול חיצוני" (סכום סעיפים 11.א עד11.ט) | B37: 1.0963879
A38: א. סך תשלומים הנובעים מהשקעה בקרנות השקעה בישראל | B38: 0
A39: ב. סך תשלומים הנובעים מהשקעה בקרנות השקעה בחו"ל | B39: 0
A40: ג. סך תשלומים למנהלי תיקים ישראלים בגין השקעה בחו"ל | B40: 0
A41: ד. סך תשלומים למנהלי תיקים זרים | B41: 0
A42: ה. סך תשלומים בגין השקעה בקרנות סל כאשר 75 אחוזים לפחות מנכסי הקרן הם נכסים שהונפקו במדינת ישראל לפי מדדים שעליהם הורה הממונה ובתנאים שהורה | B42: 0
A43: ו. סך תשלומים בגין השקעה בקרנות סל כאשר 75 אחוזים לפחות מנכסי הקרן הם נכסים שלא הונפקו במדינת ישראל ואינם נסחרים או מוחזקים בה | B43: 1.0963879
A44: ז. סך תשלומים בגין השקעה בקרנות נאמנות ישראליות כאשר 75 אחוזים לפחות מנכסי הקרן מושקעים בנכסים שלא הונפקו במדינת ישראל ואינם נסחרים או מוחזקים בה | B44: 0
A45: ח. סך תשלומים בגין השקעה בקרנות נאמנות זרות כאשר 75 אחוזים לפחות מנכסי הקרן מושקעים בנכסים שלא הונפקו במדינת ישראל ואינם נסחרים או מוחזקים בה | B45: 0
A46: ט. סך תשלומים בגין השקעה בקרן טכנולוגיה עילית | B46: 0
A48: 12. שיעור עמלת ניהול חיצוני בפועל לפני החזר, ככל שבוצע (חלוקה של סעיף 11 בסעיף 8.ב) | B48: 7.9200967e-05
... A55: 15.ב שיעור עמלת ניהול חיצוני בפועל לאחר החזר, (חלוקה של התוצאה של סעיף 11 בניכוי סעיף 15א, בסעיף 8.ב) | B55: 7.9200967e-05
A57: סך הכל הוצאות ישירות בפועל (למעט דמי ניהול משתנים כאמור בסעיף 10)
A59: 16. סך כל הוצאות ישירות (סכום של סעיף 7 וסעיף 11 בניכוי סעיף 15א) | B59: 9.5426842
A61: 17. שיעור סך ההוצאות הישירות מתוך יתרת נכסים ממוצעת (חלוקה של סעיף 16 בסעיף 8) | B61: 0.0004809165
A63: סך הכל הוצאות ישירות (לצורך חישוב שיעור עלות שנתית צפויה)
A64: 18. שיעור מגבלת עמלת ניהול חיצוני שהמשקיע המוסדי הצהיר עליה בהתאם לתקנה 2א לתקנות הוצאות ישירות עבור שנת הכספים הבאה | B64: 0.0015
A65: 19. De: שיעור הוצאות ישירות (סכום של סעיף 9 וסעיף 18) | B65: 0.0019256625

Sheet הכשרה משולב סחיר
A1: נספח 1- סך ההוצאות הישירות ששולמו בעד כל סוג של הוצאה ישירה לתקופה המסתיימת ביום 31.12.2024
A3: שם חברת הביטוח: הכשרה חברה לביטוח - הכשרה משולב סחיר | B3: אלפי ₪
A5: 31.12.2024 נספח 1- סך ההוצאות הישירות ששולמו בעד כל סוג של הוצאה ישירה לתקופה המסתיימת ביום
A7: הוצאות ישירות שאינן מסוג עמלת ניהול חיצוני
A8: 1. סך הכל עמלות קנייה ומכירה של ניירות ערך סחירים | B8: 2.064086
A9: א. סך עמלות קנייה ומכירה של ניירות ערך סחירים לצדדים קשורים
A10: ב. סך עמלות קנייה ומכירה של ניירות ערך סחירים לצדדים שאינם קשורים | B10: 2.064086
A12: 2. סך הכל דמי שמירה בשל ניירות ערך סחירים וכל עמלה שגובה מי שמבצע את משמרות ניירות הערך עמלות (קסטודיאן) | B12: 0
A13: א. סך עמלות קסטודיאן לצדדים קשורים
A14: ב. סך עמלות קסטודיאן לצדדים שאינם קשורים | B14: 0
A16: 3. סך הכל הוצאות הנובעות מהשקעות לא סחירות | B16: 0
A17: א. הוצאה הנובעת מהשקעה בניירות ערך לא סחירים או ממתן הלוואה למי שאינו עמית או מבוטח | B17: 0
A18: ב. הוצאה הנובעת מהשקעה בזכויות במקרקעין
A20: 4. מסים החלים על משקיע מוסדי, על נכסיו, על הכנסותיו ועל עסקאות שנעשו בנכסיו
A22: 5. סך הוצאות בעד ניהול תביעות | B22: 0
A24: 6. סך הוצאות בעד מתן משכנתאות | B24: 0
A26: 7. סך הכל הוצאות ישירות שאינן מסוג עמלת ניהול חיצוני (סכום סעיפים 1 עד 6) | B26: 2.064086
A28: 8. שווי ממוצע של נכסי הקופה או המסלול (ממוצע פשוט של סעיפים8א ו- 8ב) | B28: 3378.0547
A29: א. השווי המשוערך של נכסי הקופה או המסלול נכון ליום 31 בדצמבר של שנת הכספים שהסתיימה 2024 | B29: 4445.7788
A30: ב. השווי המשוערך של נכסי הקופה או המסלול נכון ליום 31 בדצמבר של שנת הכספים שהסתיימה לפני 2023 או לתקופה אחרת לפי העניין | B30: 2310.3306
A32: 9. שיעור שנתי של הוצאות ישירות שאינן מסוג עמלת ניהול חיצוני (חלוקה של סעיף 7 בסעיף 8) | B32: 0.00061102799
A34: הוצאות ישירות מסוג עמלת ניהול חיצוני
A35: 10 . סך דמי ניהול משתנים – החלק מתשלום עמלת ניהול חיצוני שנגזר מתשואת הנכסים | B35: 0
A37: 11. סה"כ הוצאות ישירות מסוג "עמלת ניהול חיצוני" (סכום סעיפים 11.א עד11.ט) | B37: 0.25312321
A38: א. סך תשלומים הנובעים מהשקעה בקרנות השקעה בישראל | B38: 0
A39: ב. סך תשלומים הנובעים מהשקעה בקרנות השקעה בחו"ל | B39: 0
A40: ג. סך תשלומים למנהלי תיקים ישראלים בגין השקעה בחו"ל | B40: 0
A41: ד. סך תשלומים למנהלי תיקים זרים | B41: 0
A42: ה. סך תשלומים בגין השקעה בקרנות סל כאשר 75 אחוזים לפחות מנכסי הקרן הם נכסים שהונפקו במדינת ישראל לפי מדדים שעליהם הורה הממונה ובתנאים שהורה | B42: 0
A43: ו. סך תשלומים בגין השקעה בקרנות סל כאשר 75 אחוזים לפחות מנכסי הקרן הם נכסים שלא הונפקו במדינת ישראל ואינם נסחרים או מוחזקים בה | B43: 0.2527413
A44: ז. סך תשלומים בגין השקעה בקרנות נאמנות ישראליות כאשר 75 אחוזים לפחות מנכסי הקרן מושקעים בנכסים שלא הונפקו במדינת ישראל ואינם נסחרים או מוחזקים בה | B44: 0
A45: ח. סך תשלומים בגין השקעה בקרנות נאמנות זרות כאשר 75 אחוזים לפחות מנכסי הקרן מושקעים בנכסים שלא הונפקו במדינת ישראל ואינם נסחרים או מוחזקים בה | B45: 0.00038190879
A46: ט. סך תשלומים בגין השקעה בקרן טכנולוגיה עילית | B46: 0
A48: 12. שיעור עמלת ניהול חיצוני בפועל לפני החזר, ככל שבוצע (חלוקה של סעיף 11 בסעיף 8.ב) | B48: 0.00010956147
... A55: 15.ב שיעור עמלת ניהול חיצוני בפועל לאחר החזר, (חלוקה של התוצאה של סעיף 11 בניכוי סעיף 15א, בסעיף 8.ב) | B55: 0.00010956147
A57: סך הכל הוצאות ישירות בפועל (למעט דמי ניהול משתנים כאמור בסעיף 10)
A59: 16. סך כל הוצאות ישירות (סכום של סעיף 7 וסעיף 11 בניכוי סעיף 15א) | B59: 2.3172092
A61: 17. שיעור סך ההוצאות הישירות מתוך יתרת נכסים ממוצעת (חלוקה של סעיף 16 בסעיף 8) | B61: 0.00068595963
A63: סך הכל הוצאות ישירות (לצורך חישוב שיעור עלות שנתית צפויה)
A64: 18. שיעור מגבלת עמלת ניהול חיצוני שהמשקיע המוסדי הצהיר עליה בהתאם לתקנה 2א לתקנות הוצאות ישירות עבור שנת הכספים הבאה | B64: 0.0015
A65: 19. De: שיעור הוצאות ישירות (סכום של סעיף 9 וסעיף 18) | B65: 0.002111028

Sheet אלשטולר כללי
A1: נספח 1- סך ההוצאות הישירות ששולמו בעד כל סוג של הוצאה ישירה לתקופה המסתיימת ביום 31.12.2024
A3: שם חברת הביטוח: הכשרה חברה לביטוח - בסט אינווסט אלטשולר שחם כללי | B3: אלפי ₪
A5: 31.12.2024 נספח 1- סך ההוצאות הישירות ששולמו בעד כל סוג של הוצאה ישירה לתקופה המסתיימת ביום
A7: הוצאות ישירות שאינן מסוג עמלת ניהול חיצוני
A8: 1. סך הכל עמלות קנייה ומכירה של ניירות ערך סחירים | B8: 1186.0006
A9: א. סך עמלות קנייה ומכירה של ניירות ערך סחירים לצדדים קשורים
A10: ב. סך עמלות קנייה ומכירה של ניירות ערך סחירים לצדדים שאינם קשורים | B10: 1186.0006
A12: 2. סך הכל דמי שמירה בשל ניירות ערך סחירים וכל עמלה שגובה מי שמבצע את משמרות ניירות הערך עמלות (קסטודיאן) | B12: 21.715978
A13: א. סך עמלות קסטודיאן לצדדים קשורים
A14: ב. סך עמלות קסטודיאן לצדדים שאינם קשורים | B14: 21.715978
A16: 3. סך הכל הוצאות הנובעות מהשקעות לא סחירות | B16: 0
A17: א. הוצאה הנובעת מהשקעה בניירות ערך לא סחירים או ממתן הלוואה למי שאינו עמית או מבוטח | B17: 0
A18: ב. הוצאה הנובעת מהשקעה בזכויות במקרקעין
A20: 4. מסים החלים על משקיע מוסדי, על נכסיו, על הכנסותיו ועל עסקאות שנעשו בנכסיו
A22: 5. סך הוצאות בעד ניהול תביעות | B22: 0
A24: 6. סך הוצאות בעד מתן משכנתאות | B24: 0
A26: 7. סך הכל הוצאות ישירות שאינן מסוג עמלת ניהול חיצוני (סכום סעיפים 1 עד 6) | B26: 1207.7166
A28: 8. שווי ממוצע של נכסי הקופה או המסלול (ממוצע פשוט של סעיפים8א ו- 8ב) | B28: 2760315.5
A29: א. השווי המשוערך של נכסי הקופה או המסלול נכון ליום 31 בדצמבר של שנת הכספים שהסתיימה 2024 | B29: 2927615.8
A30: ב. השווי המשוערך של נכסי הקופה או המסלול נכון ליום 31 בדצמבר של שנת הכספים שהסתיימה לפני 2023 או לתקופה אחרת לפי העניין | B30: 2593015.2
A32: 9. שיעור שנתי של הוצאות ישירות שאינן מסוג עמלת ניהול חיצוני (חלוקה של סעיף 7 בסעיף 8) | B32: 0.00043752847
A34: הוצאות ישירות מסוג עמלת ניהול חיצוני
A35: 10 . סך דמי ניהול משתנים – החלק מתשלום עמלת ניהול חיצוני שנגזר מתשואת הנכסים | B35: 0
A37: 11. סה"כ הוצאות ישירות מסוג "עמלת ניהול חיצוני" (סכום סעיפים 11.א עד11.ט) | B37: 1098.5915
A38: א. סך תשלומים הנובעים מהשקעה בקרנות השקעה בישראל | B38: 0
A39: ב. סך תשלומים הנובעים מהשקעה בקרנות השקעה בחו"ל | B39: 5.6365941
A40: ג. סך תשלומים למנהלי תיקים ישראלים בגין השקעה בחו"ל | B40: 0
A41: ד. סך תשלומים למנהלי תיקים זרים | B41: 0
A42: ה. סך תשלומים בגין השקעה בקרנות סל כאשר 75 אחוזים לפחות מנכסי הקרן הם נכסים שהונפקו במדינת ישראל לפי מדדים שעליהם הורה הממונה ובתנאים שהורה | B42: 0
A43: ו. סך תשלומים בגין השקעה בקרנות סל כאשר 75 אחוזים לפחות מנכסי הקרן הם נכסים שלא הונפקו במדינת ישראל ואינם נסחרים או מוחזקים בה | B43: 486.31235
A44: ז. סך תשלומים בגין השקעה בקרנות נאמנות ישראליות כאשר 75 אחוזים לפחות מנכסי הקרן מושקעים בנכסים שלא הונפקו במדינת ישראל ואינם נסחרים או מוחזקים בה | B44: 24.466035
A45: ח. סך תשלומים בגין השקעה בקרנות נאמנות זרות כאשר 75 אחוזים לפחות מנכסי הקרן מושקעים בנכסים שלא הונפקו במדינת ישראל ואינם נסחרים או מוחזקים בה | B45: 582.17657
A46: ט. סך תשלומים בגין השקעה בקרן טכנולוגיה עילית | B46: 0
A48: 12. שיעור עמלת ניהול חיצוני בפועל לפני החזר, ככל שבוצע (חלוקה של סעיף 11 בסעיף 8.ב) | B48: 0.00042367339
... A55: 15.ב שיעור עמלת ניהול חיצוני בפועל לאחר החזר, (חלוקה של התוצאה של סעיף 11 בניכוי סעיף 15א, בסעיף 8.ב) | B55: 0.00042367339
A57: סך הכל הוצאות ישירות בפועל (למעט דמי ניהול משתנים כאמור בסעיף 10)
A59: 16. סך כל הוצאות ישירות (סכום של סעיף 7 וסעיף 11 בניכוי סעיף 15א) | B59: 2306.3082
A61: 17. שיעור סך ההוצאות הישירות מתוך יתרת נכסים ממוצעת (חלוקה של סעיף 16 בסעיף 8) | B61: 0.00083552339
A63: סך הכל הוצאות ישירות (לצורך חישוב שיעור עלות שנתית צפויה)
A64: 18. שיעור מגבלת עמלת ניהול חיצוני שהמשקיע המוסדי הצהיר עליה בהתאם לתקנה 2א לתקנות הוצאות ישירות עבור שנת הכספים הבאה | B64: 0.0025
A65: 19. De: שיעור הוצאות ישירות (סכום של סעיף 9 וסעיף 18) | B65: 0.0029375285

Sheet אלשטושלר מניות
A1: נספח 1- סך ההוצאות הישירות ששולמו בעד כל סוג של הוצאה ישירה לתקופה המסתיימת ביום 31.12.2024
A3: שם חברת הביטוח: הכשרה חברה לביטוח - בסט אינווסט אלטשולר שחם מניות | B3: אלפי ₪
A5: 31.12.2024 נספח 1- סך ההוצאות הישירות ששולמו בעד כל סוג של הוצאה ישירה לתקופה המסתיימת ביום
A7: הוצאות ישירות שאינן מסוג עמלת ניהול חיצוני
A8: 1. סך הכל עמלות קנייה ומכירה של ניירות ערך סחירים | B8: 410.64806
A9: א. סך עמלות קנייה ומכירה של ניירות ערך סחירים לצדדים קשורים
A10: ב. סך עמלות קנייה ומכירה של ניירות ערך סחירים לצדדים שאינם קשורים | B10: 410.64806
A12: 2. סך הכל דמי שמירה בשל ניירות ערך סחירים וכל עמלה שגובה מי שמבצע את משמרות ניירות הערך עמלות (קסטודיאן) | B12: 8.6090974
A13: א. סך עמלות קסטודיאן לצדדים קשורים
A14: ב. סך עמלות קסטודיאן לצדדים שאינם קשורים | B14: 8.6090974
A16: 3. סך הכל הוצאות הנובעות מהשקעות לא סחירות | B16: 0
A17: א. הוצאה הנובעת מהשקעה בניירות ערך לא סחירים או ממתן הלוואה למי שאינו עמית או מבוטח | B17: 0
A18: ב. הוצאה הנובעת מהשקעה בזכויות במקרקעין
A20: 4. מסים החלים על משקיע מוסדי, על נכסיו, על הכנסותיו ועל עסקאות שנעשו בנכסיו
A22: 5. סך הוצאות בעד ניהול תביעות | B22: 0
A24: 6. סך הוצאות בעד מתן משכנתאות | B24: 0
A26: 7. סך הכל הוצאות ישירות שאינן מסוג עמלת ניהול חיצוני (סכום סעיפים 1 עד 6) | B26: 419.25716
A28: 8. שווי ממוצע של נכסי הקופה או המסלול (ממוצע פשוט של סעיפים8א ו- 8ב) | B28: 577509.51
A29: א. השווי המשוערך של נכסי הקופה או המסלול נכון ליום 31 בדצמבר של שנת הכספים שהסתיימה 2024 | B29: 678980.55
A30: ב. השווי המשוערך של נכסי הקופה או המסלול נכון ליום 31 בדצמבר של שנת הכספים שהסתיימה לפני 2023 או לתקופה אחרת לפי העניין | B30: 476038.47
A32: 9. שיעור שנתי של הוצאות ישירות שאינן מסוג עמלת ניהול חיצוני (חלוקה של סעיף 7 בסעיף 8) | B32: 0.00072597446
A34: הוצאות ישירות מסוג עמלת ניהול חיצוני
A35: 10 . סך דמי ניהול משתנים – החלק מתשלום עמלת ניהול חיצוני שנגזר מתשואת הנכסים | B35: 0
A37: 11. סה"כ הוצאות ישירות מסוג "עמלת ניהול חיצוני" (סכום סעיפים 11.א עד11.ט) | B37: 517.97573
A38: א. סך תשלומים הנובעים מהשקעה בקרנות השקעה בישראל | B38: 0
A39: ב. סך תשלומים הנובעים מהשקעה בקרנות השקעה בחו"ל | B39: 0
A40: ג. סך תשלומים למנהלי תיקים ישראלים בגין השקעה בחו"ל | B40: 0
A41: ד. סך תשלומים למנהלי תיקים זרים | B41: 0
A42: ה. סך תשלומים בגין השקעה בקרנות סל כאשר 75 אחוזים לפחות מנכסי הקרן הם נכסים שהונפקו במדינת ישראל לפי מדדים שעליהם הורה הממונה ובתנאים שהורה | B42: 0
A43: ו. סך תשלומים בגין השקעה בקרנות סל כאשר 75 אחוזים לפחות מנכסי הקרן הם נכסים שלא הונפקו במדינת ישראל ואינם נסחרים או מוחזקים בה | B43: 274.89371
A44: ז. סך תשלומים בגין השקעה בקרנות נאמנות ישראליות כאשר 75 אחוזים לפחות מנכסי הקרן מושקעים בנכסים שלא הונפקו במדינת ישראל ואינם נסחרים או מוחזקים בה | B44: 7.0510388
A45: ח. סך תשלומים בגין השקעה בקרנות נאמנות זרות כאשר 75 אחוזים לפחות מנכסי הקרן מושקעים בנכסים שלא הונפקו במדינת ישראל ואינם נסחרים או מוחזקים בה | B45: 236.03099
A46: ט. סך תשלומים בגין השקעה בקרן טכנולוגיה עילית | B46: 0
A48: 12. שיעור עמלת ניהול חיצוני בפועל לפני החזר, ככל שבוצע (חלוקה של סעיף 11 בסעיף 8.ב) | B48: 0.0010880964
... A55: 15.ב שיעור עמלת ניהול חיצוני בפועל לאחר החזר, (חלוקה של התוצאה של סעיף 11 בניכוי סעיף 15א, בסעיף 8.ב) | B55: 0.0010880964
A57: סך הכל הוצאות ישירות בפועל (למעט דמי ניהול משתנים כאמור בסעיף 10)
A59: 16. סך כל הוצאות ישירות (סכום של סעיף 7 וסעיף 11 בניכוי סעיף 15א) | B59: 937.23289
A61: 17. שיעור סך ההוצאות הישירות מתוך יתרת נכסים ממוצעת (חלוקה של סעיף 16 בסעיף 8) | B61: 0.0016228874
A63: סך הכל הוצאות ישירות (לצורך חישוב שיעור עלות שנתית צפויה)
A64: 18. שיעור מגבלת עמלת ניהול חיצוני שהמשקיע המוסדי הצהיר עליה בהתאם לתקנה 2א לתקנות הוצאות ישירות עבור שנת הכספים הבאה | B64: 0.0025
A65: 19. De: שיעור הוצאות ישירות (סכום של סעיף 9 וסעיף 18) | B65: 0.0032259745

Sheet אלטשולר אג"ח
A1: נספח 1- סך ההוצאות הישירות ששולמו בעד כל סוג של הוצאה ישירה לתקופה המסתיימת ביום 31.12.2024
A3: שם חברת הביטוח: הכשרה חברה לביטוח - בסט אינווסט אלטשולר שחם אג"ח ממשלות | B3: אלפי ₪
A5: 31.12.2024 נספח 1- סך ההוצאות הישירות ששולמו בעד כל סוג של הוצאה ישירה לתקופה המסתיימת ביום
A7: הוצאות ישירות שאינן מסוג עמלת ניהול חיצוני
A8: 1. סך הכל עמלות קנייה ומכירה של ניירות ערך סחירים | B8: 102.63551
A9: א. סך עמלות קנייה ומכירה של ניירות ערך סחירים לצדדים קשורים
A10: ב. סך עמלות קנייה ומכירה של ניירות ערך סחירים לצדדים שאינם קשורים | B10: 102.63551
A12: 2. סך הכל דמי שמירה בשל ניירות ערך סחירים וכל עמלה שגובה מי שמבצע את משמרות ניירות הערך עמלות (קסטודיאן) | B12: 1.5101689
A13: א. סך עמלות קסטודיאן לצדדים קשורים
A14: ב. סך עמלות קסטודיאן לצדדים שאינם קשורים | B14: 1.5101689
A16: 3. סך הכל הוצאות הנובעות מהשקעות לא סחירות | B16: 0
A17: א. הוצאה הנובעת מהשקעה בניירות ערך לא סחירים או ממתן הלוואה למי שאינו עמית או מבוטח | B17: 0
A18: ב. הוצאה הנובעת מהשקעה בזכויות במקרקעין
A20: 4. מסים החלים על משקיע מוסדי, על נכסיו, על הכנסותיו ועל עסקאות שנעשו בנכסיו
A22: 5. סך הוצאות בעד ניהול תביעות | B22: 0
A24: 6. סך הוצאות בעד מתן משכנתאות | B24: 0
A26: 7. סך הכל הוצאות ישירות שאינן מסוג עמלת ניהול חיצוני (סכום סעיפים 1 עד 6) | B26: 104.14568
A28: 8. שווי ממוצע של נכסי הקופה או המסלול (ממוצע פשוט של סעיפים8א ו- 8ב) | B28: 383270.05
A29: א. השווי המשוערך של נכסי הקופה או המסלול נכון ליום 31 בדצמבר של שנת הכספים שהסתיימה 2024 | B29: 329003.02
A30: ב. השווי המשוערך של נכסי הקופה או המסלול נכון ליום 31 בדצמבר של שנת הכספים שהסתיימה לפני 2023 או לתקופה אחרת לפי העניין | B30: 437537.09
A32: 9. שיעור שנתי של הוצאות ישירות שאינן מסוג עמלת ניהול חיצוני (חלוקה של סעיף 7 בסעיף 8) | B32: 0.00027172924
A34: הוצאות ישירות מסוג עמלת ניהול חיצוני
A35: 10 . סך דמי ניהול משתנים – החלק מתשלום עמלת ניהול חיצוני שנגזר מתשואת הנכסים | B35: 0
A37: 11. סה"כ הוצאות ישירות מסוג "עמלת ניהול חיצוני" (סכום סעיפים 11.א עד11.ט) | B37: 0
A38: א. סך תשלומים הנובעים מהשקעה בקרנות השקעה בישראל | B38: 0
A39: ב. סך תשלומים הנובעים מהשקעה בקרנות השקעה בחו"ל | B39: 0
A40: ג. סך תשלומים למנהלי תיקים ישראלים בגין השקעה בחו"ל | B40: 0
A41: ד. סך תשלומים למנהלי תיקים זרים | B41: 0
A42: ה. סך תשלומים בגין השקעה בקרנות סל כאשר 75 אחוזים לפחות מנכסי הקרן הם נכסים שהונפקו במדינת ישראל לפי מדדים שעליהם הורה הממונה ובתנאים שהורה | B42: 0
A43: ו. סך תשלומים בגין השקעה בקרנות סל כאשר 75 אחוזים לפחות מנכסי הקרן הם נכסים שלא הונפקו במדינת ישראל ואינם נסחרים או מוחזקים בה | B43: 0
A44: ז. סך תשלומים בגין השקעה בקרנות נאמנות ישראליות כאשר 75 אחוזים לפחות מנכסי הקרן מושקעים בנכסים שלא הונפקו במדינת ישראל ואינם נסחרים או מוחזקים בה | B44: 0
A45: ח. סך תשלומים בגין השקעה בקרנות נאמנות זרות כאשר 75 אחוזים לפחות מנכסי הקרן מושקעים בנכסים שלא הונפקו במדינת ישראל ואינם נסחרים או מוחזקים בה | B45: 0
A46: ט. סך תשלומים בגין השקעה בקרן טכנולוגיה עילית | B46: 0
A48: 12. שיעור עמלת ניהול חיצוני בפועל לפני החזר, ככל שבוצע (חלוקה של סעיף 11 בסעיף 8.ב) | B48: 0
... A55: 15.ב שיעור עמלת ניהול חיצוני בפועל לאחר החזר, (חלוקה של התוצאה של סעיף 11 בניכוי סעיף 15א, בסעיף 8.ב) | B55: 0
A57: סך הכל הוצאות ישירות בפועל (למעט דמי ניהול משתנים כאמור בסעיף 10)
A59: 16. סך כל הוצאות ישירות (סכום של סעיף 7 וסעיף 11 בניכוי סעיף 15א) | B59: 104.14568
A61: 17. שיעור סך ההוצאות הישירות מתוך יתרת נכסים ממוצעת (חלוקה של סעיף 16 בסעיף 8) | B61: 0.00027172924
A63: סך הכל הוצאות ישירות (לצורך חישוב שיעור עלות שנתית צפויה)
A64: 18. שיעור מגבלת עמלת ניהול חיצוני שהמשקיע המוסדי הצהיר עליה בהתאם לתקנה 2א לתקנות הוצאות ישירות עבור שנת הכספים הבאה | B64: 0.0015
A65: 19. De: שיעור הוצאות ישירות (סכום של סעיף 9 וסעיף 18) | B65: 0.0017717292

Sheet ילין כללי
A1: נספח 1- סך ההוצאות הישירות ששולמו בעד כל סוג של הוצאה ישירה לתקופה המסתיימת ביום 31.12.2024
A3: שם חברת הביטוח: הכשרה חברה לביטוח - בסט אינווסט ילין לפידות כללי | B3: אלפי ₪
A5: 31.12.2024 נספח 1- סך ההוצאות הישירות ששולמו בעד כל סוג של הוצאה ישירה לתקופה המסתיימת ביום
A7: הוצאות ישירות שאינן מסוג עמלת ניהול חיצוני
A8: 1. סך הכל עמלות קנייה ומכירה של ניירות ערך סחירים | B8: 575.19105
A9: א. סך עמלות קנייה ומכירה של ניירות ערך סחירים לצדדים קשורים
A10: ב. סך עמלות קנייה ומכירה של ניירות ערך סחירים לצדדים שאינם קשורים | B10: 575.19105
A12: 2. סך הכל דמי שמירה בשל ניירות ערך סחירים וכל עמלה שגובה מי שמבצע את משמרות ניירות הערך עמלות (קסטודיאן) | B12: 0.50027
A13: א. סך עמלות קסטודיאן לצדדים קשורים
A14: ב. סך עמלות קסטודיאן לצדדים שאינם קשורים | B14: 0.50027
A16: 3. סך הכל הוצאות הנובעות מהשקעות לא סחירות | B16: 0
A17: א. הוצאה הנובעת מהשקעה בניירות ערך לא סחירים או ממתן הלוואה למי שאינו עמית או מבוטח | B17: 0
A18: ב. הוצאה הנובעת מהשקעה בזכויות במקרקעין
A20: 4. מסים החלים על משקיע מוסדי, על נכסיו, על הכנסותיו ועל עסקאות שנעשו בנכסיו
A22: 5. סך הוצאות בעד ניהול תביעות | B22: 0
A24: 6. סך הוצאות בעד מתן משכנתאות | B24: 0
A26: 7. סך הכל הוצאות ישירות שאינן מסוג עמלת ניהול חיצוני (סכום סעיפים 1 עד 6) | B26: 575.69132
A28: 8. שווי ממוצע של נכסי הקופה או המסלול (ממוצע פשוט של סעיפים8א ו- 8ב) | B28: 3154035
A29: א. השווי המשוערך של נכסי הקופה או המסלול נכון ליום 31 בדצמבר של שנת הכספים שהסתיימה 2024 | B29: 3570646.9
A30: ב. השווי המשוערך של נכסי הקופה או המסלול נכון ליום 31 בדצמבר של שנת הכספים שהסתיימה לפני 2023 או לתקופה אחרת לפי העניין | B30: 2737423.1
A32: 9. שיעור שנתי של הוצאות ישירות שאינן מסוג עמלת ניהול חיצוני (חלוקה של סעיף 7 בסעיף 8) | B32: 0.00018252534
A34: הוצאות ישירות מסוג עמלת ניהול חיצוני
A35: 10 . סך דמי ניהול משתנים – החלק מתשלום עמלת ניהול חיצוני שנגזר מתשואת הנכסים | B35: 0
A37: 11. סה"כ הוצאות ישירות מסוג "עמלת ניהול חיצוני" (סכום סעיפים 11.א עד11.ט) | B37: 687.83974
A38: א. סך תשלומים הנובעים מהשקעה בקרנות השקעה בישראל | B38: 182
A39: ב. סך תשלומים הנובעים מהשקעה בקרנות השקעה בחו"ל | B39: 0
A40: ג. סך תשלומים למנהלי תיקים ישראלים בגין השקעה בחו"ל | B40: 0
A41: ד. סך תשלומים למנהלי תיקים זרים | B41: 0
A42: ה. סך תשלומים בגין השקעה בקרנות סל כאשר 75 אחוזים לפחות מנכסי הקרן הם נכסים שהונפקו במדינת ישראל לפי מדדים שעליהם הורה הממונה ובתנאים שהורה | B42: 0
A43: ו. סך תשלומים בגין השקעה בקרנות סל כאשר 75 אחוזים לפחות מנכסי הקרן הם נכסים שלא הונפקו במדינת ישראל ואינם נסחרים או מוחזקים בה | B43: 505.83974
A44: ז. סך תשלומים בגין השקעה בקרנות נאמנות ישראליות כאשר 75 אחוזים לפחות מנכסי הקרן מושקעים בנכסים שלא הונפקו במדינת ישראל ואינם נסחרים או מוחזקים בה | B44: 0
A45: ח. סך תשלומים בגין השקעה בקרנות נאמנות זרות כאשר 75 אחוזים לפחות מנכסי הקרן מושקעים בנכסים שלא הונפקו במדינת ישראל ואינם נסחרים או מוחזקים בה | B45: 0
A46: ט. סך תשלומים בגין השקעה בקרן טכנולוגיה עילית | B46: 0
A48: 12. שיעור עמלת ניהול חיצוני בפועל לפני החזר, ככל שבוצע (חלוקה של סעיף 11 בסעיף 8.ב) | B48: 0.00025127272
... A55: 15.ב שיעור עמלת ניהול חיצוני בפועל לאחר החזר, (חלוקה של התוצאה של סעיף 11 בניכוי סעיף 15א, בסעיף 8.ב) | B55: 0.00025127272
A57: סך הכל הוצאות ישירות בפועל (למעט דמי ניהול משתנים כאמור בסעיף 10)
A59: 16. סך כל הוצאות ישירות (סכום של סעיף 7 וסעיף 11 בניכוי סעיף 15א) | B59: 1263.5311
A61: 17. שיעור סך ההוצאות הישירות מתוך יתרת נכסים ממוצעת (חלוקה של סעיף 16 בסעיף 8) | B61: 0.00040060781
A63: סך הכל הוצאות ישירות (לצורך חישוב שיעור עלות שנתית צפויה)
A64: 18. שיעור מגבלת עמלת ניהול חיצוני שהמשקיע המוסדי הצהיר עליה בהתאם לתקנה 2א לתקנות הוצאות ישירות עבור שנת הכספים הבאה | B64: 0.0025
A65: 19. De: שיעור הוצאות ישירות (סכום של סעיף 9 וסעיף 18) | B65: 0.0026825253

Sheet ילין מניות
A1: נספח 1- סך ההוצאות הישירות ששולמו בעד כל סוג של הוצאה ישירה לתקופה המסתיימת ביום 31.12.2024
A3: שם חברת הביטוח: הכשרה חברה לביטוח - בסט אינווסט ילין לפידות מניות | B3: אלפי ₪
A5: 31.12.2024 נספח 1- סך ההוצאות הישירות ששולמו בעד כל סוג של הוצאה ישירה לתקופה המסתיימת ביום
A7: הוצאות ישירות שאינן מסוג עמלת ניהול חיצוני
A8: 1. סך הכל עמלות קנייה ומכירה של ניירות ערך סחירים | B8: 271.66199
A9: א. סך עמלות קנייה ומכירה של ניירות ערך סחירים לצדדים קשורים
A10: ב. סך עמלות קנייה ומכירה של ניירות ערך סחירים לצדדים שאינם קשורים | B10: 271.66199
A12: 2. סך הכל דמי שמירה בשל ניירות ערך סחירים וכל עמלה שגובה מי שמבצע את משמרות ניירות הערך עמלות (קסטודיאן) | B12: 2.2449313
A13: א. סך עמלות קסטודיאן לצדדים קשורים
A14: ב. סך עמלות קסטודיאן לצדדים שאינם קשורים | B14: 2.2449313
A16: 3. סך הכל הוצאות הנובעות מהשקעות לא סחירות | B16: 0
A17: א. הוצאה הנובעת מהשקעה בניירות ערך לא סחירים או ממתן הלוואה למי שאינו עמית או מבוטח | B17: 0
A18: ב. הוצאה הנובעת מהשקעה בזכויות במקרקעין
A20: 4. מסים החלים על משקיע מוסדי, על נכסיו, על הכנסותיו ועל עסקאות שנעשו בנכסיו
A22: 5. סך הוצאות בעד ניהול תביעות | B22: 0
A24: 6. סך הוצאות בעד מתן משכנתאות | B24: 0
A26: 7. סך הכל הוצאות ישירות שאינן מסוג עמלת ניהול חיצוני (סכום סעיפים 1 עד 6) | B26: 273.90692
A28: 8. שווי ממוצע של נכסי הקופה או המסלול (ממוצע פשוט של סעיפים8א ו- 8ב) | B28: 712169.99
A29: א. השווי המשוערך של נכסי הקופה או המסלול נכון ליום 31 בדצמבר של שנת הכספים שהסתיימה 2024 | B29: 843351.77
A30: ב. השווי המשוערך של נכסי הקופה או המסלול נכון ליום 31 בדצמבר של שנת הכספים שהסתיימה לפני 2023 או לתקופה אחרת לפי העניין | B30: 580988.2
A32: 9. שיעור שנתי של הוצאות ישירות שאינן מסוג עמלת ניהול חיצוני (חלוקה של סעיף 7 בסעיף 8) | B32: 0.0003846089
A34: הוצאות ישירות מסוג עמלת ניהול חיצוני
A35: 10 . סך דמי ניהול משתנים – החלק מתשלום עמלת ניהול חיצוני שנגזר מתשואת הנכסים | B35: 0
A37: 11. סה"כ הוצאות ישירות מסוג "עמלת ניהול חיצוני" (סכום סעיפים 11.א עד11.ט) | B37: 262.28974
A38: א. סך תשלומים הנובעים מהשקעה בקרנות השקעה בישראל | B38: 0
A39: ב. סך תשלומים הנובעים מהשקעה בקרנות השקעה בחו"ל | B39: 0
A40: ג. סך תשלומים למנהלי תיקים ישראלים בגין השקעה בחו"ל | B40: 0
A41: ד. סך תשלומים למנהלי תיקים זרים | B41: 0
A42: ה. סך תשלומים בגין השקעה בקרנות סל כאשר 75 אחוזים לפחות מנכסי הקרן הם נכסים שהונפקו במדינת ישראל לפי מדדים שעליהם הורה הממונה ובתנאים שהורה | B42: 0
A43: ו. סך תשלומים בגין השקעה בקרנות סל כאשר 75 אחוזים לפחות מנכסי הקרן הם נכסים שלא הונפקו במדינת ישראל ואינם נסחרים או מוחזקים בה | B43: 262.28974
A44: ז. סך תשלומים בגין השקעה בקרנות נאמנות ישראליות כאשר 75 אחוזים לפחות מנכסי הקרן מושקעים בנכסים שלא הונפקו במדינת ישראל ואינם נסחרים או מוחזקים בה | B44: 0
A45: ח. סך תשלומים בגין השקעה בקרנות נאמנות זרות כאשר 75 אחוזים לפחות מנכסי הקרן מושקעים בנכסים שלא הונפקו במדינת ישראל ואינם נסחרים או מוחזקים בה | B45: 0
A46: ט. סך תשלומים בגין השקעה בקרן טכנולוגיה עילית | B46: 0
A48: 12. שיעור עמלת ניהול חיצוני בפועל לפני החזר, ככל שבוצע (חלוקה של סעיף 11 בסעיף 8.ב) | B48: 0.0004514545
... A55: 15.ב שיעור עמלת ניהול חיצוני בפועל לאחר החזר, (חלוקה של התוצאה של סעיף 11 בניכוי סעיף 15א, בסעיף 8.ב) | B55: 0.0004514545
A57: סך הכל הוצאות ישירות בפועל (למעט דמי ניהול משתנים כאמור בסעיף 10)
A59: 16. סך כל הוצאות ישירות (סכום של סעיף 7 וסעיף 11 בניכוי סעיף 15א) | B59: 536.19665
A61: 17. שיעור סך ההוצאות הישירות מתוך יתרת נכסים ממוצעת (חלוקה של סעיף 16 בסעיף 8) | B61: 0.00075290543
A63: סך הכל הוצאות ישירות (לצורך חישוב שיעור עלות שנתית צפויה)
A64: 18. שיעור מגבלת עמלת ניהול חיצוני שהמשקיע המוסדי הצהיר עליה בהתאם לתקנה 2א לתקנות הוצאות ישירות עבור שנת הכספים הבאה | B64: 0.0025
A65: 19. De: שיעור הוצאות ישירות (סכום של סעיף 9 וסעיף 18) | B65: 0.0028846089

Sheet ילין אג"ח
A1: נספח 1- סך ההוצאות הישירות ששולמו בעד כל סוג של הוצאה ישירה לתקופה המסתיימת ביום 31.12.2024
A3: שם חברת הביטוח: הכשרה חברה לביטוח - בסט אינווסט ילין לפידות אג"ח ממשלות | B3: אלפי ₪
A5: 31.12.2024 נספח 1- סך ההוצאות הישירות ששולמו בעד כל סוג של הוצאה ישירה לתקופה המסתיימת ביום
A7: הוצאות ישירות שאינן מסוג עמלת ניהול חיצוני
A8: 1. סך הכל עמלות קנייה ומכירה של ניירות ערך סחירים | B8: 27.912604
A9: א. סך עמלות קנייה ומכירה של ניירות ערך סחירים לצדדים קשורים
A10: ב. סך עמלות קנייה ומכירה של ניירות ערך סחירים לצדדים שאינם קשורים | B10: 27.912604
A12: 2. סך הכל דמי שמירה בשל ניירות ערך סחירים וכל עמלה שגובה מי שמבצע את משמרות ניירות הערך עמלות (קסטודיאן) | B12: 0.1488549
A13: א. סך עמלות קסטודיאן לצדדים קשורים
A14: ב. סך עמלות קסטודיאן לצדדים שאינם קשורים | B14: 0.1488549
A16: 3. סך הכל הוצאות הנובעות מהשקעות לא סחירות | B16: 0
A17: א. הוצאה הנובעת מהשקעה בניירות ערך לא סחירים או ממתן הלוואה למי שאינו עמית או מבוטח | B17: 0
A18: ב. הוצאה הנובעת מהשקעה בזכויות במקרקעין
A20: 4. מסים החלים על משקיע מוסדי, על נכסיו, על הכנסותיו ועל עסקאות שנעשו בנכסיו
A22: 5. סך הוצאות בעד ניהול תביעות | B22: 0
A24: 6. סך הוצאות בעד מתן משכנתאות | B24: 0
A26: 7. סך הכל הוצאות ישירות שאינן מסוג עמלת ניהול חיצוני (סכום סעיפים 1 עד 6) | B26: 28.061459
A28: 8. שווי ממוצע של נכסי הקופה או המסלול (ממוצע פשוט של סעיפים8א ו- 8ב) | B28: 295563.59
A29: א. השווי המשוערך של נכסי הקופה או המסלול נכון ליום 31 בדצמבר של שנת הכספים שהסתיימה 2024 | B29: 295865.83
A30: ב. השווי המשוערך של נכסי הקופה או המסלול נכון ליום 31 בדצמבר של שנת הכספים שהסתיימה לפני 2023 או לתקופה אחרת לפי העניין | B30: 295261.36
A32: 9. שיעור שנתי של הוצאות ישירות שאינן מסוג עמלת ניהול חיצוני (חלוקה של סעיף 7 בסעיף 8) | B32: 9.4942205e-05
A34: הוצאות ישירות מסוג עמלת ניהול חיצוני
A35: 10 . סך דמי ניהול משתנים – החלק מתשלום עמלת ניהול חיצוני שנגזר מתשואת הנכסים | B35: 0
A37: 11. סה"כ הוצאות ישירות מסוג "עמלת ניהול חיצוני" (סכום סעיפים 11.א עד11.ט) | B37: 18
A38: א. סך תשלומים הנובעים מהשקעה בקרנות השקעה בישראל | B38: 18
A39: ב. סך תשלומים הנובעים מהשקעה בקרנות השקעה בחו"ל | B39: 0
A40: ג. סך תשלומים למנהלי תיקים ישראלים בגין השקעה בחו"ל | B40: 0
A41: ד. סך תשלומים למנהלי תיקים זרים | B41: 0
A42: ה. סך תשלומים בגין השקעה בקרנות סל כאשר 75 אחוזים לפחות מנכסי הקרן הם נכסים שהונפקו במדינת ישראל לפי מדדים שעליהם הורה הממונה ובתנאים שהורה | B42: 0
A43: ו. סך תשלומים בגין השקעה בקרנות סל כאשר 75 אחוזים לפחות מנכסי הקרן הם נכסים שלא הונפקו במדינת ישראל ואינם נסחרים או מוחזקים בה | B43: 0
A44: ז. סך תשלומים בגין השקעה בקרנות נאמנות ישראליות כאשר 75 אחוזים לפחות מנכסי הקרן מושקעים בנכסים שלא הונפקו במדינת ישראל ואינם נסחרים או מוחזקים בה | B44: 0
A45: ח. סך תשלומים בגין השקעה בקרנות נאמנות זרות כאשר 75 אחוזים לפחות מנכסי הקרן מושקעים בנכסים שלא הונפקו במדינת ישראל ואינם נסחרים או מוחזקים בה | B45: 0
A46: ט. סך תשלומים בגין השקעה בקרן טכנולוגיה עילית | B46: 0
A48: 12. שיעור עמלת ניהול חיצוני בפועל לפני החזר, ככל שבוצע (חלוקה של סעיף 11 בסעיף 8.ב) | B48: 6.0962939e-05
... A55: 15.ב שיעור עמלת ניהול חיצוני בפועל לאחר החזר, (חלוקה של התוצאה של סעיף 11 בניכוי סעיף 15א, בסעיף 8.ב) | B55: 6.0962939e-05
A57: סך הכל הוצאות ישירות בפועל (למעט דמי ניהול משתנים כאמור בסעיף 10)
A59: 16. סך כל הוצאות ישירות (סכום של סעיף 7 וסעיף 11 בניכוי סעיף 15א) | B59: 46.061459
A61: 17. שיעור סך ההוצאות הישירות מתוך יתרת נכסים ממוצעת (חלוקה של סעיף 16 בסעיף 8) | B61: 0.0001558428
A63: סך הכל הוצאות ישירות (לצורך חישוב שיעור עלות שנתית צפויה)
A64: 18. שיעור מגבלת עמלת ניהול חיצוני שהמשקיע המוסדי הצהיר עליה בהתאם לתקנה 2א לתקנות הוצאות ישירות עבור שנת הכספים הבאה | B64: 0.0015
A65: 19. De: שיעור הוצאות ישירות (סכום של סעיף 9 וסעיף 18) | B65: 0.0015949422

Sheet מיטב כללי
A1: נספח 1- סך ההוצאות הישירות ששולמו בעד כל סוג של הוצאה ישירה לתקופה המסתיימת ביום 31.12.2024
A3: שם חברת הביטוח: הכשרה חברה לביטוח - בסט אינווסט מיטב דש כללי | B3: אלפי ₪
A5: 31.12.2024 נספח 1- סך ההוצאות הישירות ששולמו בעד כל סוג של הוצאה ישירה לתקופה המסתיימת ביום
A7: הוצאות ישירות שאינן מסוג עמלת ניהול חיצוני
A8: 1. סך הכל עמלות קנייה ומכירה של ניירות ערך סחירים | B8: 937.16346
A9: א. סך עמלות קנייה ומכירה של ניירות ערך סחירים לצדדים קשורים
A10: ב. סך עמלות קנייה ומכירה של ניירות ערך סחירים לצדדים שאינם קשורים | B10: 937.16346
A12: 2. סך הכל דמי שמירה בשל ניירות ערך סחירים וכל עמלה שגובה מי שמבצע את משמרות ניירות הערך עמלות (קסטודיאן) | B12: 5.7774382
A13: א. סך עמלות קסטודיאן לצדדים קשורים
A14: ב. סך עמלות קסטודיאן לצדדים שאינם קשורים | B14: 5.7774382
A16: 3. סך הכל הוצאות הנובעות מהשקעות לא סחירות | B16: 0
A17: א. הוצאה הנובעת מהשקעה בניירות ערך לא סחירים או ממתן הלוואה למי שאינו עמית או מבוטח | B17: 0
A18: ב. הוצאה הנובעת מהשקעה בזכויות במקרקעין
A20: 4. מסים החלים על משקיע מוסדי, על נכסיו, על הכנסותיו ועל עסקאות שנעשו בנכסיו
A22: 5. סך הוצאות בעד ניהול תביעות | B22: 0
A24: 6. סך הוצאות בעד מתן משכנתאות | B24: 0
A26: 7. סך הכל הוצאות ישירות שאינן מסוג עמלת ניהול חיצוני (סכום סעיפים 1 עד 6) | B26: 942.9409
A28: 8. שווי ממוצע של נכסי הקופה או המסלול (ממוצע פשוט של סעיפים8א ו- 8ב) | B28: 2754082.6
A29: א. השווי המשוערך של נכסי הקופה או המסלול נכון ליום 31 בדצמבר של שנת הכספים שהסתיימה 2024 | B29: 3227493.7
A30: ב. השווי המשוערך של נכסי הקופה או המסלול נכון ליום 31 בדצמבר של שנת הכספים שהסתיימה לפני 2023 או לתקופה אחרת לפי העניין | B30: 2280671.5
A32: 9. שיעור שנתי של הוצאות ישירות שאינן מסוג עמלת ניהול חיצוני (חלוקה של סעיף 7 בסעיף 8) | B32: 0.00034237931
A34: הוצאות ישירות מסוג עמלת ניהול חיצוני
A35: 10 . סך דמי ניהול משתנים – החלק מתשלום עמלת ניהול חיצוני שנגזר מתשואת הנכסים | B35: 0
A37: 11. סה"כ הוצאות ישירות מסוג "עמלת ניהול חיצוני" (סכום סעיפים 11.א עד11.ט) | B37: 515.73034
A38: א. סך תשלומים הנובעים מהשקעה בקרנות השקעה בישראל | B38: 0
A39: ב. סך תשלומים הנובעים מהשקעה בקרנות השקעה בחו"ל | B39: 0
A40: ג. סך תשלומים למנהלי תיקים ישראלים בגין השקעה בחו"ל | B40: 0
A41: ד. סך תשלומים למנהלי תיקים זרים | B41: 0
A42: ה. סך תשלומים בגין השקעה בקרנות סל כאשר 75 אחוזים לפחות מנכסי הקרן הם נכסים שהונפקו במדינת ישראל לפי מדדים שעליהם הורה הממונה ובתנאים שהורה | B42: 0
A43: ו. סך תשלומים בגין השקעה בקרנות סל כאשר 75 אחוזים לפחות מנכסי הקרן הם נכסים שלא הונפקו במדינת ישראל ואינם נסחרים או מוחזקים בה | B43: 515.73034
A44: ז. סך תשלומים בגין השקעה בקרנות נאמנות ישראליות כאשר 75 אחוזים לפחות מנכסי הקרן מושקעים בנכסים שלא הונפקו במדינת ישראל ואינם נסחרים או מוחזקים בה | B44: 0
A45: ח. סך תשלומים בגין השקעה בקרנות נאמנות זרות כאשר 75 אחוזים לפחות מנכסי הקרן מושקעים בנכסים שלא הונפקו במדינת ישראל ואינם נסחרים או מוחזקים בה | B45: 0
A46: ט. סך תשלומים בגין השקעה בקרן טכנולוגיה עילית | B46: 0
A48: 12. שיעור עמלת ניהול חיצוני בפועל לפני החזר, ככל שבוצע (חלוקה של סעיף 11 בסעיף 8.ב) | B48: 0.00022613092
... A55: 15.ב שיעור עמלת ניהול חיצוני בפועל לאחר החזר, (חלוקה של התוצאה של סעיף 11 בניכוי סעיף 15א, בסעיף 8.ב) | B55: 0.00022613092
A57: סך הכל הוצאות ישירות בפועל (למעט דמי ניהול משתנים כאמור בסעיף 10)
A59: 16. סך כל הוצאות ישירות (סכום של סעיף 7 וסעיף 11 בניכוי סעיף 15א) | B59: 1458.6712
A61: 17. שיעור סך ההוצאות הישירות מתוך יתרת נכסים ממוצעת (חלוקה של סעיף 16 בסעיף 8) | B61: 0.00052963961
A63: סך הכל הוצאות ישירות (לצורך חישוב שיעור עלות שנתית צפויה)
A64: 18. שיעור מגבלת עמלת ניהול חיצוני שהמשקיע המוסדי הצהיר עליה בהתאם לתקנה 2א לתקנות הוצאות ישירות עבור שנת הכספים הבאה | B64: 0.0025
A65: 19. De: שיעור הוצאות ישירות (סכום של סעיף 9 וסעיף 18) | B65: 0.0028423793

Sheet מיטב מניות
A1: נספח 1- סך ההוצאות הישירות ששולמו בעד כל סוג של הוצאה ישירה לתקופה המסתיימת ביום 31.12.2024
A3: שם חברת הביטוח: הכשרה חברה לביטוח - בסט אינווסט מיטב דש מניות | B3: אלפי ₪
A5: 31.12.2024 נספח 1- סך ההוצאות הישירות ששולמו בעד כל סוג של הוצאה ישירה לתקופה המסתיימת ביום
A7: הוצאות ישירות שאינן מסוג עמלת ניהול חיצוני
A8: 1. סך הכל עמלות קנייה ומכירה של ניירות ערך סחירים | B8: 1482.8516
A9: א. סך עמלות קנייה ומכירה של ניירות ערך סחירים לצדדים קשורים
A10: ב. סך עמלות קנייה ומכירה של ניירות ערך סחירים לצדדים שאינם קשורים | B10: 1482.8516
A12: 2. סך הכל דמי שמירה בשל ניירות ערך סחירים וכל עמלה שגובה מי שמבצע את משמרות ניירות הערך עמלות (קסטודיאן) | B12: 0
A13: א. סך עמלות קסטודיאן לצדדים קשורים
A14: ב. סך עמלות קסטודיאן לצדדים שאינם קשורים | B14: 0
A16: 3. סך הכל הוצאות הנובעות מהשקעות לא סחירות | B16: 0
A17: א. הוצאה הנובעת מהשקעה בניירות ערך לא סחירים או ממתן הלוואה למי שאינו עמית או מבוטח | B17: 0
A18: ב. הוצאה הנובעת מהשקעה בזכויות במקרקעין
A20: 4. מסים החלים על משקיע מוסדי, על נכסיו, על הכנסותיו ועל עסקאות שנעשו בנכסיו
A22: 5. סך הוצאות בעד ניהול תביעות | B22: 0
A24: 6. סך הוצאות בעד מתן משכנתאות | B24: 0
A26: 7. סך הכל הוצאות ישירות שאינן מסוג עמלת ניהול חיצוני (סכום סעיפים 1 עד 6) | B26: 1482.8516
A28: 8. שווי ממוצע של נכסי הקופה או המסלול (ממוצע פשוט של סעיפים8א ו- 8ב) | B28: 942398.45
A29: א. השווי המשוערך של נכסי הקופה או המסלול נכון ליום 31 בדצמבר של שנת הכספים שהסתיימה 2024 | B29: 1070539
A30: ב. השווי המשוערך של נכסי הקופה או המסלול נכון ליום 31 בדצמבר של שנת הכספים שהסתיימה לפני 2023 או לתקופה אחרת לפי העניין | B30: 814257.88
A32: 9. שיעור שנתי של הוצאות ישירות שאינן מסוג עמלת ניהול חיצוני (חלוקה של סעיף 7 בסעיף 8) | B32: 0.0015734869
A34: הוצאות ישירות מסוג עמלת ניהול חיצוני
A35: 10 . סך דמי ניהול משתנים – החלק מתשלום עמלת ניהול חיצוני שנגזר מתשואת הנכסים | B35: 0
A37: 11. סה"כ הוצאות ישירות מסוג "עמלת ניהול חיצוני" (סכום סעיפים 11.א עד11.ט) | B37: 403.85901
A38: א. סך תשלומים הנובעים מהשקעה בקרנות השקעה בישראל | B38: 0
A39: ב. סך תשלומים הנובעים מהשקעה בקרנות השקעה בחו"ל | B39: 0
A40: ג. סך תשלומים למנהלי תיקים ישראלים בגין השקעה בחו"ל | B40: 0
A41: ד. סך תשלומים למנהלי תיקים זרים | B41: 0
A42: ה. סך תשלומים בגין השקעה בקרנות סל כאשר 75 אחוזים לפחות מנכסי הקרן הם נכסים שהונפקו במדינת ישראל לפי מדדים שעליהם הורה הממונה ובתנאים שהורה | B42: 2.0760366
A43: ו. סך תשלומים בגין השקעה בקרנות סל כאשר 75 אחוזים לפחות מנכסי הקרן הם נכסים שלא הונפקו במדינת ישראל ואינם נסחרים או מוחזקים בה | B43: 401.78297
A44: ז. סך תשלומים בגין השקעה בקרנות נאמנות ישראליות כאשר 75 אחוזים לפחות מנכסי הקרן מושקעים בנכסים שלא הונפקו במדינת ישראל ואינם נסחרים או מוחזקים בה | B44: 0
A45: ח. סך תשלומים בגין השקעה בקרנות נאמנות זרות כאשר 75 אחוזים לפחות מנכסי הקרן מושקעים בנכסים שלא הונפקו במדינת ישראל ואינם נסחרים או מוחזקים בה | B45: 0
A46: ט. סך תשלומים בגין השקעה בקרן טכנולוגיה עילית | B46: 0
A48: 12. שיעור עמלת ניהול חיצוני בפועל לפני החזר, ככל שבוצע (חלוקה של סעיף 11 בסעיף 8.ב) | B48: 0.00049598416
... A55: 15.ב שיעור עמלת ניהול חיצוני בפועל לאחר החזר, (חלוקה של התוצאה של סעיף 11 בניכוי סעיף 15א, בסעיף 8.ב) | B55: 0.00049598416
A57: סך הכל הוצאות ישירות בפועל (למעט דמי ניהול משתנים כאמור בסעיף 10)
A59: 16. סך כל הוצאות ישירות (סכום של סעיף 7 וסעיף 11 בניכוי סעיף 15א) | B59: 1886.7106
A61: 17. שיעור סך ההוצאות הישירות מתוך יתרת נכסים ממוצעת (חלוקה של סעיף 16 בסעיף 8) | B61: 0.0020020307
A63: סך הכל הוצאות ישירות (לצורך חישוב שיעור עלות שנתית צפויה)
A64: 18. שיעור מגבלת עמלת ניהול חיצוני שהמשקיע המוסדי הצהיר עליה בהתאם לתקנה 2א לתקנות הוצאות ישירות עבור שנת הכספים הבאה | B64: 0.0025
A65: 19. De: שיעור הוצאות ישירות (סכום של סעיף 9 וסעיף 18) | B65: 0.0040734869

Sheet מיטב אג"ח
A1: נספח 1- סך ההוצאות הישירות ששולמו בעד כל סוג של הוצאה ישירה לתקופה המסתיימת ביום 31.12.2024
A3: שם חברת הביטוח: הכשרה חברה לביטוח - בסט אינווסט מיטב דש אג"ח ממשלות | B3: אלפי ₪
A5: 31.12.2024 נספח 1- סך ההוצאות הישירות ששולמו בעד כל סוג של הוצאה ישירה לתקופה המסתיימת ביום
A7: הוצאות ישירות שאינן מסוג עמלת ניהול חיצוני
A8: 1. סך הכל עמלות קנייה ומכירה של ניירות ערך סחירים | B8: 45.549581
A9: א. סך עמלות קנייה ומכירה של ניירות ערך סחירים לצדדים קשורים
A10: ב. סך עמלות קנייה ומכירה של ניירות ערך סחירים לצדדים שאינם קשורים | B10: 45.549581
A12: 2. סך הכל דמי שמירה בשל ניירות ערך סחירים וכל עמלה שגובה מי שמבצע את משמרות ניירות הערך עמלות (קסטודיאן) | B12: 1.7288437
A13: א. סך עמלות קסטודיאן לצדדים קשורים
A14: ב. סך עמלות קסטודיאן לצדדים שאינם קשורים | B14: 1.7288437
A16: 3. סך הכל הוצאות הנובעות מהשקעות לא סחירות | B16: 0
A17: א. הוצאה הנובעת מהשקעה בניירות ערך לא סחירים או ממתן הלוואה למי שאינו עמית או מבוטח | B17: 0
A18: ב. הוצאה הנובעת מהשקעה בזכויות במקרקעין
A20: 4. מסים החלים על משקיע מוסדי, על נכסיו, על הכנסותיו ועל עסקאות שנעשו בנכסיו
A22: 5. סך הוצאות בעד ניהול תביעות | B22: 0
A24: 6. סך הוצאות בעד מתן משכנתאות | B24: 0
A26: 7. סך הכל הוצאות ישירות שאינן מסוג עמלת ניהול חיצוני (סכום סעיפים 1 עד 6) | B26: 47.278425
A28: 8. שווי ממוצע של נכסי הקופה או המסלול (ממוצע פשוט של סעיפים8א ו- 8ב) | B28: 200831.77
A29: א. השווי המשוערך של נכסי הקופה או המסלול נכון ליום 31 בדצמבר של שנת הכספים שהסתיימה 2024 | B29: 185705.2
A30: ב. השווי המשוערך של נכסי הקופה או המסלול נכון ליום 31 בדצמבר של שנת הכספים שהסתיימה לפני 2023 או לתקופה אחרת לפי העניין | B30: 215958.33
A32: 9. שיעור שנתי של הוצאות ישירות שאינן מסוג עמלת ניהול חיצוני (חלוקה של סעיף 7 בסעיף 8) | B32: 0.00023541308
A34: הוצאות ישירות מסוג עמלת ניהול חיצוני
A35: 10 . סך דמי ניהול משתנים – החלק מתשלום עמלת ניהול חיצוני שנגזר מתשואת הנכסים | B35: 0
A37: 11. סה"כ הוצאות ישירות מסוג "עמלת ניהול חיצוני" (סכום סעיפים 11.א עד11.ט) | B37: 0.88286722
A38: א. סך תשלומים הנובעים מהשקעה בקרנות השקעה בישראל | B38: 0
A39: ב. סך תשלומים הנובעים מהשקעה בקרנות השקעה בחו"ל | B39: 0
A40: ג. סך תשלומים למנהלי תיקים ישראלים בגין השקעה בחו"ל | B40: 0
A41: ד. סך תשלומים למנהלי תיקים זרים | B41: 0
A42: ה. סך תשלומים בגין השקעה בקרנות סל כאשר 75 אחוזים לפחות מנכסי הקרן הם נכסים שהונפקו במדינת ישראל לפי מדדים שעליהם הורה הממונה ובתנאים שהורה | B42: 0
A43: ו. סך תשלומים בגין השקעה בקרנות סל כאשר 75 אחוזים לפחות מנכסי הקרן הם נכסים שלא הונפקו במדינת ישראל ואינם נסחרים או מוחזקים בה | B43: 0.88286722
A44: ז. סך תשלומים בגין השקעה בקרנות נאמנות ישראליות כאשר 75 אחוזים לפחות מנכסי הקרן מושקעים בנכסים שלא הונפקו במדינת ישראל ואינם נסחרים או מוחזקים בה | B44: 0
A45: ח. סך תשלומים בגין השקעה בקרנות נאמנות זרות כאשר 75 אחוזים לפחות מנכסי הקרן מושקעים בנכסים שלא הונפקו במדינת ישראל ואינם נסחרים או מוחזקים בה | B45: 0
A46: ט. סך תשלומים בגין השקעה בקרן טכנולוגיה עילית | B46: 0
A48: 12. שיעור עמלת ניהול חיצוני בפועל לפני החזר, ככל שבוצע (חלוקה של סעיף 11 בסעיף 8.ב) | B48: 4.0881368e-06
... A55: 15.ב שיעור עמלת ניהול חיצוני בפועל לאחר החזר, (חלוקה של התוצאה של סעיף 11 בניכוי סעיף 15א, בסעיף 8.ב) | B55: 4.0881368e-06
A57: סך הכל הוצאות ישירות בפועל (למעט דמי ניהול משתנים כאמור בסעיף 10)
A59: 16. סך כל הוצאות ישירות (סכום של סעיף 7 וסעיף 11 בניכוי סעיף 15א) | B59: 48.161292
A61: 17. שיעור סך ההוצאות הישירות מתוך יתרת נכסים ממוצעת (חלוקה של סעיף 16 בסעיף 8) | B61: 0.00023980914
A63: סך הכל הוצאות ישירות (לצורך חישוב שיעור עלות שנתית צפויה)
A64: 18. שיעור מגבלת עמלת ניהול חיצוני שהמשקיע המוסדי הצהיר עליה בהתאם לתקנה 2א לתקנות הוצאות ישירות עבור שנת הכספים הבאה | B64: 0.0015
A65: 19. De: שיעור הוצאות ישירות (סכום של סעיף 9 וסעיף 18) | B65: 0.0017354131

Sheet פאסיבי כללי
A1: נספח 1- סך ההוצאות הישירות ששולמו בעד כל סוג של הוצאה ישירה לתקופה המסתיימת ביום 31.12.2024
A3: שם חברת הביטוח: הכשרה חברה לביטוח - הכשרה פאסיבי כללי | B3: אלפי ₪
A5: * 31.12.2024 נספח 1- סך ההוצאות הישירות ששולמו בעד כל סוג של הוצאה ישירה לתקופה המסתיימת ביום
A7: הוצאות ישירות שאינן מסוג עמלת ניהול חיצוני
A8: 1. סך הכל עמלות קנייה ומכירה של ניירות ערך סחירים | B8: 57.472736
A9: א. סך עמלות קנייה ומכירה של ניירות ערך סחירים לצדדים קשורים
A10: ב. סך עמלות קנייה ומכירה של ניירות ערך סחירים לצדדים שאינם קשורים | B10: 57.472736
A12: 2. סך הכל דמי שמירה בשל ניירות ערך סחירים וכל עמלה שגובה מי שמבצע את משמרות ניירות הערך עמלות (קסטודיאן) | B12: 1.8139503
A13: א. סך עמלות קסטודיאן לצדדים קשורים
A14: ב. סך עמלות קסטודיאן לצדדים שאינם קשורים | B14: 1.8139503
A16: 3. סך הכל הוצאות הנובעות מהשקעות לא סחירות | B16: 0
A17: א. הוצאה הנובעת מהשקעה בניירות ערך לא סחירים או ממתן הלוואה למי שאינו עמית או מבוטח | B17: 0
A18: ב. הוצאה הנובעת מהשקעה בזכויות במקרקעין
A20: 4. מסים החלים על משקיע מוסדי, על נכסיו, על הכנסותיו ועל עסקאות שנעשו בנכסיו
A22: 5. סך הוצאות בעד ניהול תביעות | B22: 0
A24: 6. סך הוצאות בעד מתן משכנתאות | B24: 0
A26: 7. סך הכל הוצאות ישירות שאינן מסוג עמלת ניהול חיצוני (סכום סעיפים 1 עד 6) | B26: 59.286686
A28: 8. שווי ממוצע של נכסי הקופה או המסלול (ממוצע פשוט של סעיפים8א ו- 8ב) | B28: 383680.55
A29: א. השווי המשוערך של נכסי הקופה או המסלול נכון ליום 31 בדצמבר של שנת הכספים שהסתיימה 2024 | B29: 515318.14
A30: ב. השווי המשוערך של נכסי הקופה או המסלול נכון ליום 31 בדצמבר של שנת הכספים שהסתיימה לפני 2023 או לתקופה אחרת לפי העניין | B30: 252042.96
A32: 9. שיעור שנתי של הוצאות ישירות שאינן מסוג עמלת ניהול חיצוני (חלוקה של סעיף 7 בסעיף 8) | B32: 0.00015452096
A34: הוצאות ישירות מסוג עמלת ניהול חיצוני
A35: 10 . סך דמי ניהול משתנים – החלק מתשלום עמלת ניהול חיצוני שנגזר מתשואת הנכסים | B35: 0
A37: 11. סה"כ הוצאות ישירות מסוג "עמלת ניהול חיצוני" (סכום סעיפים 11.א עד11.ט) | B37: 108.22485
A38: א. סך תשלומים הנובעים מהשקעה בקרנות השקעה בישראל | B38: 0
A39: ב. סך תשלומים הנובעים מהשקעה בקרנות השקעה בחו"ל | B39: 0
A40: ג. סך תשלומים למנהלי תיקים ישראלים בגין השקעה בחו"ל | B40: 0
A41: ד. סך תשלומים למנהלי תיקים זרים | B41: 0
A42: ה. סך תשלומים בגין השקעה בקרנות סל כאשר 75 אחוזים לפחות מנכסי הקרן הם נכסים שהונפקו במדינת ישראל לפי מדדים שעליהם הורה הממונה ובתנאים שהורה | B42: 0
A43: ו. סך תשלומים בגין השקעה בקרנות סל כאשר 75 אחוזים לפחות מנכסי הקרן הם נכסים שלא הונפקו במדינת ישראל ואינם נסחרים או מוחזקים בה | B43: 108.22485
A44: ז. סך תשלומים בגין השקעה בקרנות נאמנות ישראליות כאשר 75 אחוזים לפחות מנכסי הקרן מושקעים בנכסים שלא הונפקו במדינת ישראל ואינם נסחרים או מוחזקים בה | B44: 0
A45: ח. סך תשלומים בגין השקעה בקרנות נאמנות זרות כאשר 75 אחוזים לפחות מנכסי הקרן מושקעים בנכסים שלא הונפקו במדינת ישראל ואינם נסחרים או מוחזקים בה | B45: 0
A46: ט. סך תשלומים בגין השקעה בקרן טכנולוגיה עילית | B46: 0
A48: 12. שיעור עמלת ניהול חיצוני בפועל לפני החזר, ככל שבוצע (חלוקה של סעיף 11 בסעיף 8.ב) | B48: 0.00042939048
... A55: 15.ב שיעור עמלת ניהול חיצוני בפועל לאחר החזר, (חלוקה של התוצאה של סעיף 11 בניכוי סעיף 15א, בסעיף 8.ב) | B55: 0.00042939048
A57: סך הכל הוצאות ישירות בפועל (למעט דמי ניהול משתנים כאמור בסעיף 10)
A59: 16. סך כל הוצאות ישירות (סכום של סעיף 7 וסעיף 11 בניכוי סעיף 15א) | B59: 167.51153
A61: 17. שיעור סך ההוצאות הישירות מתוך יתרת נכסים ממוצעת (חלוקה של סעיף 16 בסעיף 8) | B61: 0.00043659115
A63: סך הכל הוצאות ישירות (לצורך חישוב שיעור עלות שנתית צפויה)
A64: 18. שיעור מגבלת עמלת ניהול חיצוני שהמשקיע המוסדי הצהיר עליה בהתאם לתקנה 2א לתקנות הוצאות ישירות עבור שנת הכספים הבאה | B64: 0.0025
A65: 19. De: שיעור הוצאות ישירות (סכום של סעיף 9 וסעיף 18) | B65: 0.002654521
A67: * מסלול מוזג ביום 01.07.24 ולכן נתוני הוצאות ישירות נכונות עד ליום 30.06.24

Sheet הכשרה עוקב מדד SP500
A1: נספח 1- סך ההוצאות הישירות ששולמו בעד כל סוג של הוצאה ישירה לתקופה המסתיימת ביום 31.12.2024
A3: שם חברת הביטוח: הכשרה חברה לביטוח - הכשרה עוקב מדד SP500 | B3: אלפי ₪
A5: 31.12.2024 נספח 1- סך ההוצאות הישירות ששולמו בעד כל סוג של הוצאה ישירה לתקופה המסתיימת ביום
A7: הוצאות ישירות שאינן מסוג עמלת ניהול חיצוני
A8: 1. סך הכל עמלות קנייה ומכירה של ניירות ערך סחירים | B8: 88.688467
A9: א. סך עמלות קנייה ומכירה של ניירות ערך סחירים לצדדים קשורים
A10: ב. סך עמלות קנייה ומכירה של ניירות ערך סחירים לצדדים שאינם קשורים | B10: 88.688467
A12: 2. סך הכל דמי שמירה בשל ניירות ערך סחירים וכל עמלה שגובה מי שמבצע את משמרות ניירות הערך עמלות (קסטודיאן) | B12: 0.1122
A13: א. סך עמלות קסטודיאן לצדדים קשורים
A14: ב. סך עמלות קסטודיאן לצדדים שאינם קשורים | B14: 0.1122
A16: 3. סך הכל הוצאות הנובעות מהשקעות לא סחירות | B16: 0
A17: א. הוצאה הנובעת מהשקעה בניירות ערך לא סחירים או ממתן הלוואה למי שאינו עמית או מבוטח | B17: 0
A18: ב. הוצאה הנובעת מהשקעה בזכויות במקרקעין
A20: 4. מסים החלים על משקיע מוסדי, על נכסיו, על הכנסותיו ועל עסקאות שנעשו בנכסיו
A22: 5. סך הוצאות בעד ניהול תביעות | B22: 0
A24: 6. סך הוצאות בעד מתן משכנתאות | B24: 0
A26: 7. סך הכל הוצאות ישירות שאינן מסוג עמלת ניהול חיצוני (סכום סעיפים 1 עד 6) | B26: 88.800667
A28: 8. שווי ממוצע של נכסי הקופה או המסלול (ממוצע פשוט של סעיפים8א ו- 8ב) | B28: 659820.39
A29: א. השווי המשוערך של נכסי הקופה או המסלול נכון ליום 31 בדצמבר של שנת הכספים שהסתיימה 2024 | B29: 659820.39
A30: ב. השווי המשוערך של נכסי הקופה או המסלול נכון ליום 31 בדצמבר של שנת הכספים שהסתיימה לפני 2023 או לתקופה אחרת לפי העניין | B30: 659820.39
A32: 9. שיעור שנתי של הוצאות ישירות שאינן מסוג עמלת ניהול חיצוני (חלוקה של סעיף 7 בסעיף 8) | B32: 0.00013458309
A34: הוצאות ישירות מסוג עמלת ניהול חיצוני
A35: 10 . סך דמי ניהול משתנים – החלק מתשלום עמלת ניהול חיצוני שנגזר מתשואת הנכסים | B35: 0
A37: 11. סה"כ הוצאות ישירות מסוג "עמלת ניהול חיצוני" (סכום סעיפים 11.א עד11.ט) | B37: 63.856548
A38: א. סך תשלומים הנובעים מהשקעה בקרנות השקעה בישראל | B38: 0
A39: ב. סך תשלומים הנובעים מהשקעה בקרנות השקעה בחו"ל | B39: 0
A40: ג. סך תשלומים למנהלי תיקים ישראלים בגין השקעה בחו"ל | B40: 0
A41: ד. סך תשלומים למנהלי תיקים זרים | B41: 0
A42: ה. סך תשלומים בגין השקעה בקרנות סל כאשר 75 אחוזים לפחות מנכסי הקרן הם נכסים שהונפקו במדינת ישראל לפי מדדים שעליהם הורה הממונה ובתנאים שהורה | B42: 0
A43: ו. סך תשלומים בגין השקעה בקרנות סל כאשר 75 אחוזים לפחות מנכסי הקרן הם נכסים שלא הונפקו במדינת ישראל ואינם נסחרים או מוחזקים בה | B43: 63.856548
A44: ז. סך תשלומים בגין השקעה בקרנות נאמנות ישראליות כאשר 75 אחוזים לפחות מנכסי הקרן מושקעים בנכסים שלא הונפקו במדינת ישראל ואינם נסחרים או מוחזקים בה | B44: 0
A45: ח. סך תשלומים בגין השקעה בקרנות נאמנות זרות כאשר 75 אחוזים לפחות מנכסי הקרן מושקעים בנכסים שלא הונפקו במדינת ישראל ואינם נסחרים או מוחזקים בה | B45: 0
A46: ט. סך תשלומים בגין השקעה בקרן טכנולוגיה עילית | B46: 0
A48: 12. שיעור עמלת ניהול חיצוני בפועל לפני החזר, ככל שבוצע (חלוקה של סעיף 11 בסעיף 8.ב) | B48: 9.6778683e-05
... A55: 15.ב שיעור עמלת ניהול חיצוני בפועל לאחר החזר, (חלוקה של התוצאה של סעיף 11 בניכוי סעיף 15א, בסעיף 8.ב) | B55: 9.6778683e-05
A57: סך הכל הוצאות ישירות בפועל (למעט דמי ניהול משתנים כאמור בסעיף 10)
A59: 16. סך כל הוצאות ישירות (סכום של סעיף 7 וסעיף 11 בניכוי סעיף 15א) | B59: 152.65721
A61: 17. שיעור סך ההוצאות הישירות מתוך יתרת נכסים ממוצעת (חלוקה של סעיף 16 בסעיף 8) | B61: 0.00023136177
A63: סך הכל הוצאות ישירות (לצורך חישוב שיעור עלות שנתית צפויה)
A64: 18. שיעור מגבלת עמלת ניהול חיצוני שהמשקיע המוסדי הצהיר עליה בהתאם לתקנה 2א לתקנות הוצאות ישירות עבור שנת הכספים הבאה | B64: 0.0025
A65: 19. De: שיעור הוצאות ישירות (סכום של סעיף 9 וסעיף 18) | B65: 0.0026345831

Sheet מור כללי
A1: נספח 1- סך ההוצאות הישירות ששולמו בעד כל סוג של הוצאה ישירה לתקופה המסתיימת ביום 31.12.2024
A3: שם חברת הביטוח: הכשרה חברה לביטוח - בסט אינווסט מור כללי | B3: אלפי ₪
A5: 31.12.2024 נספח 1- סך ההוצאות הישירות ששולמו בעד כל סוג של הוצאה ישירה לתקופה המסתיימת ביום
A7: הוצאות ישירות שאינן מסוג עמלת ניהול חיצוני
A8: 1. סך הכל עמלות קנייה ומכירה של ניירות ערך סחירים | B8: 321.38169
A9: א. סך עמלות קנייה ומכירה של ניירות ערך סחירים לצדדים קשורים
A10: ב. סך עמלות קנייה ומכירה של ניירות ערך סחירים לצדדים שאינם קשורים | B10: 321.38169
A12: 2. סך הכל דמי שמירה בשל ניירות ערך סחירים וכל עמלה שגובה מי שמבצע את משמרות ניירות הערך עמלות (קסטודיאן) | B12: 0.30265
A13: א. סך עמלות קסטודיאן לצדדים קשורים
A14: ב. סך עמלות קסטודיאן לצדדים שאינם קשורים | B14: 0.30265
A16: 3. סך הכל הוצאות הנובעות מהשקעות לא סחירות | B16: 0
A17: א. הוצאה הנובעת מהשקעה בניירות ערך לא סחירים או ממתן הלוואה למי שאינו עמית או מבוטח | B17: 0
A18: ב. הוצאה הנובעת מהשקעה בזכויות במקרקעין
A20: 4. מסים החלים על משקיע מוסדי, על נכסיו, על הכנסותיו ועל עסקאות שנעשו בנכסיו
A22: 5. סך הוצאות בעד ניהול תביעות | B22: 0
A24: 6. סך הוצאות בעד מתן משכנתאות | B24: 0
A26: 7. סך הכל הוצאות ישירות שאינן מסוג עמלת ניהול חיצוני (סכום סעיפים 1 עד 6) | B26: 321.68434
A28: 8. שווי ממוצע של נכסי הקופה או המסלול (ממוצע פשוט של סעיפים8א ו- 8ב) | B28: 1107685.8
A29: א. השווי המשוערך של נכסי הקופה או המסלול נכון ליום 31 בדצמבר של שנת הכספים שהסתיימה 2024 | B29: 1265563.2
A30: ב. השווי המשוערך של נכסי הקופה או המסלול נכון ליום 31 בדצמבר של שנת הכספים שהסתיימה לפני 2023 או לתקופה אחרת לפי העניין | B30: 949808.43
A32: 9. שיעור שנתי של הוצאות ישירות שאינן מסוג עמלת ניהול חיצוני (חלוקה של סעיף 7 בסעיף 8) | B32: 0.00029041118
A34: הוצאות ישירות מסוג עמלת ניהול חיצוני
A35: 10 . סך דמי ניהול משתנים – החלק מתשלום עמלת ניהול חיצוני שנגזר מתשואת הנכסים | B35: 2.038673
A37: 11. סה"כ הוצאות ישירות מסוג "עמלת ניהול חיצוני" (סכום סעיפים 11.א עד11.ט) | B37: 294.9308
A38: א. סך תשלומים הנובעים מהשקעה בקרנות השקעה בישראל | B38: 125.21095
A39: ב. סך תשלומים הנובעים מהשקעה בקרנות השקעה בחו"ל | B39: 129.06015
A40: ג. סך תשלומים למנהלי תיקים ישראלים בגין השקעה בחו"ל | B40: 0
A41: ד. סך תשלומים למנהלי תיקים זרים | B41: 0
A42: ה. סך תשלומים בגין השקעה בקרנות סל כאשר 75 אחוזים לפחות מנכסי הקרן הם נכסים שהונפקו במדינת ישראל לפי מדדים שעליהם הורה הממונה ובתנאים שהורה | B42: 0
A43: ו. סך תשלומים בגין השקעה בקרנות סל כאשר 75 אחוזים לפחות מנכסי הקרן הם נכסים שלא הונפקו במדינת ישראל ואינם נסחרים או מוחזקים בה | B43: 22.026646
A44: ז. סך תשלומים בגין השקעה בקרנות נאמנות ישראליות כאשר 75 אחוזים לפחות מנכסי הקרן מושקעים בנכסים שלא הונפקו במדינת ישראל ואינם נסחרים או מוחזקים בה | B44: 18.633057
A45: ח. סך תשלומים בגין השקעה בקרנות נאמנות זרות כאשר 75 אחוזים לפחות מנכסי הקרן מושקעים בנכסים שלא הונפקו במדינת ישראל ואינם נסחרים או מוחזקים בה | B45: 0
A46: ט. סך תשלומים בגין השקעה בקרן טכנולוגיה עילית | B46: 0
A48: 12. שיעור עמלת ניהול חיצוני בפועל לפני החזר, ככל שבוצע (חלוקה של סעיף 11 בסעיף 8.ב) | B48: 0.00031051609
... A55: 15.ב שיעור עמלת ניהול חיצוני בפועל לאחר החזר, (חלוקה של התוצאה של סעיף 11 בניכוי סעיף 15א, בסעיף 8.ב) | B55: 0.00031051609
A57: סך הכל הוצאות ישירות בפועל (למעט דמי ניהול משתנים כאמור בסעיף 10)
A59: 16. סך כל הוצאות ישירות (סכום של סעיף 7 וסעיף 11 בניכוי סעיף 15א) | B59: 616.61515
A61: 17. שיעור סך ההוצאות הישירות מתוך יתרת נכסים ממוצעת (חלוקה של סעיף 16 בסעיף 8) | B61: 0.00055666973
A63: סך הכל הוצאות ישירות (לצורך חישוב שיעור עלות שנתית צפויה)
A64: 18. שיעור מגבלת עמלת ניהול חיצוני שהמשקיע המוסדי הצהיר עליה בהתאם לתקנה 2א לתקנות הוצאות ישירות עבור שנת הכספים הבאה | B64: 0.0025
A65: 19. De: שיעור הוצאות ישירות (סכום של סעיף 9 וסעיף 18) | B65: 0.0027904112

Sheet מור מניות
A1: נספח 1- סך ההוצאות הישירות ששולמו בעד כל סוג של הוצאה ישירה לתקופה המסתיימת ביום 31.12.2024
A3: שם חברת הביטוח: הכשרה חברה לביטוח - בסט אינווסט מור מניות | B3: אלפי ₪
A5: 31.12.2024 נספח 1- סך ההוצאות הישירות ששולמו בעד כל סוג של הוצאה ישירה לתקופה המסתיימת ביום
A7: הוצאות ישירות שאינן מסוג עמלת ניהול חיצוני
A8: 1. סך הכל עמלות קנייה ומכירה של ניירות ערך סחירים | B8: 128.49754
A9: א. סך עמלות קנייה ומכירה של ניירות ערך סחירים לצדדים קשורים
A10: ב. סך עמלות קנייה ומכירה של ניירות ערך סחירים לצדדים שאינם קשורים | B10: 128.49754
A12: 2. סך הכל דמי שמירה בשל ניירות ערך סחירים וכל עמלה שגובה מי שמבצע את משמרות ניירות הערך עמלות (קסטודיאן) | B12: 0.39861563
A13: א. סך עמלות קסטודיאן לצדדים קשורים
A14: ב. סך עמלות קסטודיאן לצדדים שאינם קשורים | B14: 0.39861563
A16: 3. סך הכל הוצאות הנובעות מהשקעות לא סחירות | B16: 0
A17: א. הוצאה הנובעת מהשקעה בניירות ערך לא סחירים או ממתן הלוואה למי שאינו עמית או מבוטח | B17: 0
A18: ב. הוצאה הנובעת מהשקעה בזכויות במקרקעין
A20: 4. מסים החלים על משקיע מוסדי, על נכסיו, על הכנסותיו ועל עסקאות שנעשו בנכסיו
A22: 5. סך הוצאות בעד ניהול תביעות | B22: 0
A24: 6. סך הוצאות בעד מתן משכנתאות | B24: 0
A26: 7. סך הכל הוצאות ישירות שאינן מסוג עמלת ניהול חיצוני (סכום סעיפים 1 עד 6) | B26: 128.89615
A28: 8. שווי ממוצע של נכסי הקופה או המסלול (ממוצע פשוט של סעיפים8א ו- 8ב) | B28: 242919.14
A29: א. השווי המשוערך של נכסי הקופה או המסלול נכון ליום 31 בדצמבר של שנת הכספים שהסתיימה 2024 | B29: 297987.94
A30: ב. השווי המשוערך של נכסי הקופה או המסלול נכון ליום 31 בדצמבר של שנת הכספים שהסתיימה לפני 2023 או לתקופה אחרת לפי העניין | B30: 187850.34
A32: 9. שיעור שנתי של הוצאות ישירות שאינן מסוג עמלת ניהול חיצוני (חלוקה של סעיף 7 בסעיף 8) | B32: 0.0005306134
A34: הוצאות ישירות מסוג עמלת ניהול חיצוני
A35: 10 . סך דמי ניהול משתנים – החלק מתשלום עמלת ניהול חיצוני שנגזר מתשואת הנכסים | B35: 0.430346
A37: 11. סה"כ הוצאות ישירות מסוג "עמלת ניהול חיצוני" (סכום סעיפים 11.א עד11.ט) | B37: 131.31555
A38: א. סך תשלומים הנובעים מהשקעה בקרנות השקעה בישראל | B38: 25.122271
A39: ב. סך תשלומים הנובעים מהשקעה בקרנות השקעה בחו"ל | B39: 51.710037
A40: ג. סך תשלומים למנהלי תיקים ישראלים בגין השקעה בחו"ל | B40: 0
A41: ד. סך תשלומים למנהלי תיקים זרים | B41: 0
A42: ה. סך תשלומים בגין השקעה בקרנות סל כאשר 75 אחוזים לפחות מנכסי הקרן הם נכסים שהונפקו במדינת ישראל לפי מדדים שעליהם הורה הממונה ובתנאים שהורה | B42: 0
A43: ו. סך תשלומים בגין השקעה בקרנות סל כאשר 75 אחוזים לפחות מנכסי הקרן הם נכסים שלא הונפקו במדינת ישראל ואינם נסחרים או מוחזקים בה | B43: 42.861337
A44: ז. סך תשלומים בגין השקעה בקרנות נאמנות ישראליות כאשר 75 אחוזים לפחות מנכסי הקרן מושקעים בנכסים שלא הונפקו במדינת ישראל ואינם נסחרים או מוחזקים בה | B44: 11.621909
A45: ח. סך תשלומים בגין השקעה בקרנות נאמנות זרות כאשר 75 אחוזים לפחות מנכסי הקרן מושקעים בנכסים שלא הונפקו במדינת ישראל ואינם נסחרים או מוחזקים בה | B45: 0
A46: ט. סך תשלומים בגין השקעה בקרן טכנולוגיה עילית | B46: 0
A48: 12. שיעור עמלת ניהול חיצוני בפועל לפני החזר, ככל שבוצע (חלוקה של סעיף 11 בסעיף 8.ב) | B48: 0.00069904346
... A55: 15.ב שיעור עמלת ניהול חיצוני בפועל לאחר החזר, (חלוקה של התוצאה של סעיף 11 בניכוי סעיף 15א, בסעיף 8.ב) | B55: 0.00069904346
A57: סך הכל הוצאות ישירות בפועל (למעט דמי ניהול משתנים כאמור בסעיף 10)
A59: 16. סך כל הוצאות ישירות (סכום של סעיף 7 וסעיף 11 בניכוי סעיף 15א) | B59: 260.2117
A61: 17. שיעור סך ההוצאות הישירות מתוך יתרת נכסים ממוצעת (חלוקה של סעיף 16 בסעיף 8) | B61: 0.0010711865
A63: סך הכל הוצאות ישירות (לצורך חישוב שיעור עלות שנתית צפויה)
A64: 18. שיעור מגבלת עמלת ניהול חיצוני שהמשקיע המוסדי הצהיר עליה בהתאם לתקנה 2א לתקנות הוצאות ישירות עבור שנת הכספים הבאה | B64: 0.0025
A65: 19. De: שיעור הוצאות ישירות (סכום של סעיף 9 וסעיף 18) | B65: 0.0030306134

Sheet מור אג"ח
A1: נספח 1- סך ההוצאות הישירות ששולמו בעד כל סוג של הוצאה ישירה לתקופה המסתיימת ביום 31.12.2024
A3: שם חברת הביטוח: הכשרה חברה לביטוח - בסט אינווסט מור אג"ח ממשלות | B3: אלפי ₪
A5: 31.12.2024 נספח 1- סך ההוצאות הישירות ששולמו בעד כל סוג של הוצאה ישירה לתקופה המסתיימת ביום
A7: הוצאות ישירות שאינן מסוג עמלת ניהול חיצוני
A8: 1. סך הכל עמלות קנייה ומכירה של ניירות ערך סחירים | B8: 18.806868
A9: א. סך עמלות קנייה ומכירה של ניירות ערך סחירים לצדדים קשורים
A10: ב. סך עמלות קנייה ומכירה של ניירות ערך סחירים לצדדים שאינם קשורים | B10: 18.806868
A12: 2. סך הכל דמי שמירה בשל ניירות ערך סחירים וכל עמלה שגובה מי שמבצע את משמרות ניירות הערך עמלות (קסטודיאן) | B12: 0.0074935
A13: א. סך עמלות קסטודיאן לצדדים קשורים
A14: ב. סך עמלות קסטודיאן לצדדים שאינם קשורים | B14: 0.0074935
A16: 3. סך הכל הוצאות הנובעות מהשקעות לא סחירות | B16: 0
A17: א. הוצאה הנובעת מהשקעה בניירות ערך לא סחירים או ממתן הלוואה למי שאינו עמית או מבוטח | B17: 0
A18: ב. הוצאה הנובעת מהשקעה בזכויות במקרקעין
A20: 4. מסים החלים על משקיע מוסדי, על נכסיו, על הכנסותיו ועל עסקאות שנעשו בנכסיו
A22: 5. סך הוצאות בעד ניהול תביעות | B22: 0
A24: 6. סך הוצאות בעד מתן משכנתאות | B24: 0
A26: 7. סך הכל הוצאות ישירות שאינן מסוג עמלת ניהול חיצוני (סכום סעיפים 1 עד 6) | B26: 18.814362
A28: 8. שווי ממוצע של נכסי הקופה או המסלול (ממוצע פשוט של סעיפים8א ו- 8ב) | B28: 101652.41
A29: א. השווי המשוערך של נכסי הקופה או המסלול נכון ליום 31 בדצמבר של שנת הכספים שהסתיימה 2024 | B29: 102180.72
A30: ב. השווי המשוערך של נכסי הקופה או המסלול נכון ליום 31 בדצמבר של שנת הכספים שהסתיימה לפני 2023 או לתקופה אחרת לפי העניין | B30: 101124.09
A32: 9. שיעור שנתי של הוצאות ישירות שאינן מסוג עמלת ניהול חיצוני (חלוקה של סעיף 7 בסעיף 8) | B32: 0.00018508526
A34: הוצאות ישירות מסוג עמלת ניהול חיצוני
A35: 10 . סך דמי ניהול משתנים – החלק מתשלום עמלת ניהול חיצוני שנגזר מתשואת הנכסים | B35: 0
A37: 11. סה"כ הוצאות ישירות מסוג "עמלת ניהול חיצוני" (סכום סעיפים 11.א עד11.ט) | B37: 28.241417
A38: א. סך תשלומים הנובעים מהשקעה בקרנות השקעה בישראל | B38: 27.996839
A39: ב. סך תשלומים הנובעים מהשקעה בקרנות השקעה בחו"ל | B39: 0
A40: ג. סך תשלומים למנהלי תיקים ישראלים בגין השקעה בחו"ל | B40: 0
A41: ד. סך תשלומים למנהלי תיקים זרים | B41: 0
A42: ה. סך תשלומים בגין השקעה בקרנות סל כאשר 75 אחוזים לפחות מנכסי הקרן הם נכסים שהונפקו במדינת ישראל לפי מדדים שעליהם הורה הממונה ובתנאים שהורה | B42: 0
A43: ו. סך תשלומים בגין השקעה בקרנות סל כאשר 75 אחוזים לפחות מנכסי הקרן הם נכסים שלא הונפקו במדינת ישראל ואינם נסחרים או מוחזקים בה | B43: 0
A44: ז. סך תשלומים בגין השקעה בקרנות נאמנות ישראליות כאשר 75 אחוזים לפחות מנכסי הקרן מושקעים בנכסים שלא הונפקו במדינת ישראל ואינם נסחרים או מוחזקים בה | B44: 0.24457773
A45: ח. סך תשלומים בגין השקעה בקרנות נאמנות זרות כאשר 75 אחוזים לפחות מנכסי הקרן מושקעים בנכסים שלא הונפקו במדינת ישראל ואינם נסחרים או מוחזקים בה | B45: 0
A46: ט. סך תשלומים בגין השקעה בקרן טכנולוגיה עילית | B46: 0
A48: 12. שיעור עמלת ניהול חיצוני בפועל לפני החזר, ככל שבוצע (חלוקה של סעיף 11 בסעיף 8.ב) | B48: 0.00027927487
... A55: 15.ב שיעור עמלת ניהול חיצוני בפועל לאחר החזר, (חלוקה של התוצאה של סעיף 11 בניכוי סעיף 15א, בסעיף 8.ב) | B55: 0.00027927487
A57: סך הכל הוצאות ישירות בפועל (למעט דמי ניהול משתנים כאמור בסעיף 10)
A59: 16. סך כל הוצאות ישירות (סכום של סעיף 7 וסעיף 11 בניכוי סעיף 15א) | B59: 47.055778
A61: 17. שיעור סך ההוצאות הישירות מתוך יתרת נכסים ממוצעת (חלוקה של סעיף 16 בסעיף 8) | B61: 0.00046290865
A63: סך הכל הוצאות ישירות (לצורך חישוב שיעור עלות שנתית צפויה)
A64: 18. שיעור מגבלת עמלת ניהול חיצוני שהמשקיע המוסדי הצהיר עליה בהתאם לתקנה 2א לתקנות הוצאות ישירות עבור שנת הכספים הבאה | B64: 0.0015
A65: 19. De: שיעור הוצאות ישירות (סכום של סעיף 9 וסעיף 18) | B65: 0.0016850853

Sheet אנליסט כללי
A1: נספח 1- סך ההוצאות הישירות ששולמו בעד כל סוג של הוצאה ישירה לתקופה המסתיימת ביום 31.12.2024
A3: שם חברת הביטוח: הכשרה חברה לביטוח - בסט אינווסט אנליסט כללי | B3: אלפי ₪
A5: 31.12.2024 נספח 1- סך ההוצאות הישירות ששולמו בעד כל סוג של הוצאה ישירה לתקופה המסתיימת ביום
A7: הוצאות ישירות שאינן מסוג עמלת ניהול חיצוני
A8: 1. סך הכל עמלות קנייה ומכירה של ניירות ערך סחירים | B8: 93.145818
A9: א. סך עמלות קנייה ומכירה של ניירות ערך סחירים לצדדים קשורים
A10: ב. סך עמלות קנייה ומכירה של ניירות ערך סחירים לצדדים שאינם קשורים | B10: 93.145818
A12: 2. סך הכל דמי שמירה בשל ניירות ערך סחירים וכל עמלה שגובה מי שמבצע את משמרות ניירות הערך עמלות (קסטודיאן) | B12: 1.9757839
A13: א. סך עמלות קסטודיאן לצדדים קשורים
A14: ב. סך עמלות קסטודיאן לצדדים שאינם קשורים | B14: 1.9757839
A16: 3. סך הכל הוצאות הנובעות מהשקעות לא סחירות | B16: 0
A17: א. הוצאה הנובעת מהשקעה בניירות ערך לא סחירים או ממתן הלוואה למי שאינו עמית או מבוטח | B17: 0
A18: ב. הוצאה הנובעת מהשקעה בזכויות במקרקעין
A20: 4. מסים החלים על משקיע מוסדי, על נכסיו, על הכנסותיו ועל עסקאות שנעשו בנכסיו
A22: 5. סך הוצאות בעד ניהול תביעות | B22: 0
A24: 6. סך הוצאות בעד מתן משכנתאות | B24: 0
A26: 7. סך הכל הוצאות ישירות שאינן מסוג עמלת ניהול חיצוני (סכום סעיפים 1 עד 6) | B26: 95.121602
A28: 8. שווי ממוצע של נכסי הקופה או המסלול (ממוצע פשוט של סעיפים8א ו- 8ב) | B28: 661794.68
A29: א. השווי המשוערך של נכסי הקופה או המסלול נכון ליום 31 בדצמבר של שנת הכספים שהסתיימה 2024 | B29: 907710.25
A30: ב. השווי המשוערך של נכסי הקופה או המסלול נכון ליום 31 בדצמבר של שנת הכספים שהסתיימה לפני 2023 או לתקופה אחרת לפי העניין | B30: 415879.11
A32: 9. שיעור שנתי של הוצאות ישירות שאינן מסוג עמלת ניהול חיצוני (חלוקה של סעיף 7 בסעיף 8) | B32: 0.0001437328
A34: הוצאות ישירות מסוג עמלת ניהול חיצוני
A35: 10 . סך דמי ניהול משתנים – החלק מתשלום עמלת ניהול חיצוני שנגזר מתשואת הנכסים | B35: 0
A37: 11. סה"כ הוצאות ישירות מסוג "עמלת ניהול חיצוני" (סכום סעיפים 11.א עד11.ט) | B37: 160.50784
A38: א. סך תשלומים הנובעים מהשקעה בקרנות השקעה בישראל | B38: 0
A39: ב. סך תשלומים הנובעים מהשקעה בקרנות השקעה בחו"ל | B39: 0
A40: ג. סך תשלומים למנהלי תיקים ישראלים בגין השקעה בחו"ל | B40: 0
A41: ד. סך תשלומים למנהלי תיקים זרים | B41: 0
A42: ה. סך תשלומים בגין השקעה בקרנות סל כאשר 75 אחוזים לפחות מנכסי הקרן הם נכסים שהונפקו במדינת ישראל לפי מדדים שעליהם הורה הממונה ובתנאים שהורה | B42: 4.4591284
A43: ו. סך תשלומים בגין השקעה בקרנות סל כאשר 75 אחוזים לפחות מנכסי הקרן הם נכסים שלא הונפקו במדינת ישראל ואינם נסחרים או מוחזקים בה | B43: 156.04871
A44: ז. סך תשלומים בגין השקעה בקרנות נאמנות ישראליות כאשר 75 אחוזים לפחות מנכסי הקרן מושקעים בנכסים שלא הונפקו במדינת ישראל ואינם נסחרים או מוחזקים בה | B44: 0
A45: ח. סך תשלומים בגין השקעה בקרנות נאמנות זרות כאשר 75 אחוזים לפחות מנכסי הקרן מושקעים בנכסים שלא הונפקו במדינת ישראל ואינם נסחרים או מוחזקים בה | B45: 0
A46: ט. סך תשלומים בגין השקעה בקרן טכנולוגיה עילית | B46: 0
A48: 12. שיעור עמלת ניהול חיצוני בפועל לפני החזר, ככל שבוצע (חלוקה של סעיף 11 בסעיף 8.ב) | B48: 0.00038594831
... A55: 15.ב שיעור עמלת ניהול חיצוני בפועל לאחר החזר, (חלוקה של התוצאה של סעיף 11 בניכוי סעיף 15א, בסעיף 8.ב) | B55: 0.00038594831
A57: סך הכל הוצאות ישירות בפועל (למעט דמי ניהול משתנים כאמור בסעיף 10)
A59: 16. סך כל הוצאות ישירות (סכום של סעיף 7 וסעיף 11 בניכוי סעיף 15א) | B59: 255.62944
A61: 17. שיעור סך ההוצאות הישירות מתוך יתרת נכסים ממוצעת (חלוקה של סעיף 16 בסעיף 8) | B61: 0.00038626699
A63: סך הכל הוצאות ישירות (לצורך חישוב שיעור עלות שנתית צפויה)
A64: 18. שיעור מגבלת עמלת ניהול חיצוני שהמשקיע המוסדי הצהיר עליה בהתאם לתקנה 2א לתקנות הוצאות ישירות עבור שנת הכספים הבאה | B64: 0.0025
A65: 19. De: שיעור הוצאות ישירות (סכום של סעיף 9 וסעיף 18) | B65: 0.0026437328

Sheet אנליסט מניות
A1: נספח 1- סך ההוצאות הישירות ששולמו בעד כל סוג של הוצאה ישירה לתקופה המסתיימת ביום 31.12.2024
A3: שם חברת הביטוח: הכשרה חברה לביטוח - בסט אינווסט אנליסט מניות | B3: אלפי ₪
A5: 31.12.2024 נספח 1- סך ההוצאות הישירות ששולמו בעד כל סוג של הוצאה ישירה לתקופה המסתיימת ביום
A7: הוצאות ישירות שאינן מסוג עמלת ניהול חיצוני
A8: 1. סך הכל עמלות קנייה ומכירה של ניירות ערך סחירים | B8: 61.691246
A9: א. סך עמלות קנייה ומכירה של ניירות ערך סחירים לצדדים קשורים
A10: ב. סך עמלות קנייה ומכירה של ניירות ערך סחירים לצדדים שאינם קשורים | B10: 61.691246
A12: 2. סך הכל דמי שמירה בשל ניירות ערך סחירים וכל עמלה שגובה מי שמבצע את משמרות ניירות הערך עמלות (קסטודיאן) | B12: 0.01775169
A13: א. סך עמלות קסטודיאן לצדדים קשורים
A14: ב. סך עמלות קסטודיאן לצדדים שאינם קשורים | B14: 0.01775169
A16: 3. סך הכל הוצאות הנובעות מהשקעות לא סחירות | B16: 0
A17: א. הוצאה הנובעת מהשקעה בניירות ערך לא סחירים או ממתן הלוואה למי שאינו עמית או מבוטח | B17: 0
A18: ב. הוצאה הנובעת מהשקעה בזכויות במקרקעין
A20: 4. מסים החלים על משקיע מוסדי, על נכסיו, על הכנסותיו ועל עסקאות שנעשו בנכסיו
A22: 5. סך הוצאות בעד ניהול תביעות | B22: 0
A24: 6. סך הוצאות בעד מתן משכנתאות | B24: 0
A26: 7. סך הכל הוצאות ישירות שאינן מסוג עמלת ניהול חיצוני (סכום סעיפים 1 עד 6) | B26: 61.708997
A28: 8. שווי ממוצע של נכסי הקופה או המסלול (ממוצע פשוט של סעיפים8א ו- 8ב) | B28: 259641.76
A29: א. השווי המשוערך של נכסי הקופה או המסלול נכון ליום 31 בדצמבר של שנת הכספים שהסתיימה 2024 | B29: 378773.9
A30: ב. השווי המשוערך של נכסי הקופה או המסלול נכון ליום 31 בדצמבר של שנת הכספים שהסתיימה לפני 2023 או לתקופה אחרת לפי העניין | B30: 140509.63
A32: 9. שיעור שנתי של הוצאות ישירות שאינן מסוג עמלת ניהול חיצוני (חלוקה של סעיף 7 בסעיף 8) | B32: 0.00023766977
A34: הוצאות ישירות מסוג עמלת ניהול חיצוני
A35: 10 . סך דמי ניהול משתנים – החלק מתשלום עמלת ניהול חיצוני שנגזר מתשואת הנכסים | B35: 0
A37: 11. סה"כ הוצאות ישירות מסוג "עמלת ניהול חיצוני" (סכום סעיפים 11.א עד11.ט) | B37: 127.38409
A38: א. סך תשלומים הנובעים מהשקעה בקרנות השקעה בישראל | B38: 0
A39: ב. סך תשלומים הנובעים מהשקעה בקרנות השקעה בחו"ל | B39: 0
A40: ג. סך תשלומים למנהלי תיקים ישראלים בגין השקעה בחו"ל | B40: 0
A41: ד. סך תשלומים למנהלי תיקים זרים | B41: 0
A42: ה. סך תשלומים בגין השקעה בקרנות סל כאשר 75 אחוזים לפחות מנכסי הקרן הם נכסים שהונפקו במדינת ישראל לפי מדדים שעליהם הורה הממונה ובתנאים שהורה | B42: 6.4889427
A43: ו. סך תשלומים בגין השקעה בקרנות סל כאשר 75 אחוזים לפחות מנכסי הקרן הם נכסים שלא הונפקו במדינת ישראל ואינם נסחרים או מוחזקים בה | B43: 120.89515
A44: ז. סך תשלומים בגין השקעה בקרנות נאמנות ישראליות כאשר 75 אחוזים לפחות מנכסי הקרן מושקעים בנכסים שלא הונפקו במדינת ישראל ואינם נסחרים או מוחזקים בה | B44: 0
A45: ח. סך תשלומים בגין השקעה בקרנות נאמנות זרות כאשר 75 אחוזים לפחות מנכסי הקרן מושקעים בנכסים שלא הונפקו במדינת ישראל ואינם נסחרים או מוחזקים בה | B45: 0
A46: ט. סך תשלומים בגין השקעה בקרן טכנולוגיה עילית | B46: 0
A48: 12. שיעור עמלת ניהול חיצוני בפועל לפני החזר, ככל שבוצע (חלוקה של סעיף 11 בסעיף 8.ב) | B48: 0.0009065862
... A55: 15.ב שיעור עמלת ניהול חיצוני בפועל לאחר החזר, (חלוקה של התוצאה של סעיף 11 בניכוי סעיף 15א, בסעיף 8.ב) | B55: 0.0009065862
A57: סך הכל הוצאות ישירות בפועל (למעט דמי ניהול משתנים כאמור בסעיף 10)
A59: 16. סך כל הוצאות ישירות (סכום של סעיף 7 וסעיף 11 בניכוי סעיף 15א) | B59: 189.09309
A61: 17. שיעור סך ההוצאות הישירות מתוך יתרת נכסים ממוצעת (חלוקה של סעיף 16 בסעיף 8) | B61: 0.00072828456
A63: סך הכל הוצאות ישירות (לצורך חישוב שיעור עלות שנתית צפויה)
A64: 18. שיעור מגבלת עמלת ניהול חיצוני שהמשקיע המוסדי הצהיר עליה בהתאם לתקנה 2א לתקנות הוצאות ישירות עבור שנת הכספים הבאה | B64: 0.0025
A65: 19. De: שיעור הוצאות ישירות (סכום של סעיף 9 וסעיף 18) | B65: 0.0027376698

Sheet אנליסט אג"ח
A1: נספח 1- סך ההוצאות הישירות ששולמו בעד כל סוג של הוצאה ישירה לתקופה המסתיימת ביום 31.12.2024
A3: שם חברת הביטוח: הכשרה חברה לביטוח - בסט אינווסט אנליסט אג"ח ממשלות | B3: אלפי ₪
A5: 31.12.2024 נספח 1- סך ההוצאות הישירות ששולמו בעד כל סוג של הוצאה ישירה לתקופה המסתיימת ביום
A7: הוצאות ישירות שאינן מסוג עמלת ניהול חיצוני
A8: 1. סך הכל עמלות קנייה ומכירה של ניירות ערך סחירים | B8: 5.1485591
A9: א. סך עמלות קנייה ומכירה של ניירות ערך סחירים לצדדים קשורים
A10: ב. סך עמלות קנייה ומכירה של ניירות ערך סחירים לצדדים שאינם קשורים | B10: 5.1485591
A12: 2. סך הכל דמי שמירה בשל ניירות ערך סחירים וכל עמלה שגובה מי שמבצע את משמרות ניירות הערך עמלות (קסטודיאן) | B12: 0.0005583
A13: א. סך עמלות קסטודיאן לצדדים קשורים
A14: ב. סך עמלות קסטודיאן לצדדים שאינם קשורים | B14: 0.0005583
A16: 3. סך הכל הוצאות הנובעות מהשקעות לא סחירות | B16: 0
A17: א. הוצאה הנובעת מהשקעה בניירות ערך לא סחירים או ממתן הלוואה למי שאינו עמית או מבוטח | B17: 0
A18: ב. הוצאה הנובעת מהשקעה בזכויות במקרקעין
A20: 4. מסים החלים על משקיע מוסדי, על נכסיו, על הכנסותיו ועל עסקאות שנעשו בנכסיו
A22: 5. סך הוצאות בעד ניהול תביעות | B22: 0
A24: 6. סך הוצאות בעד מתן משכנתאות | B24: 0
A26: 7. סך הכל הוצאות ישירות שאינן מסוג עמלת ניהול חיצוני (סכום סעיפים 1 עד 6) | B26: 5.1491174
A28: 8. שווי ממוצע של נכסי הקופה או המסלול (ממוצע פשוט של סעיפים8א ו- 8ב) | B28: 29076.859
A29: א. השווי המשוערך של נכסי הקופה או המסלול נכון ליום 31 בדצמבר של שנת הכספים שהסתיימה 2024 | B29: 32035.342
A30: ב. השווי המשוערך של נכסי הקופה או המסלול נכון ליום 31 בדצמבר של שנת הכספים שהסתיימה לפני 2023 או לתקופה אחרת לפי העניין | B30: 26118.376
A32: 9. שיעור שנתי של הוצאות ישירות שאינן מסוג עמלת ניהול חיצוני (חלוקה של סעיף 7 בסעיף 8) | B32: 0.00017708644
A34: הוצאות ישירות מסוג עמלת ניהול חיצוני
A35: 10 . סך דמי ניהול משתנים – החלק מתשלום עמלת ניהול חיצוני שנגזר מתשואת הנכסים | B35: 0
A37: 11. סה"כ הוצאות ישירות מסוג "עמלת ניהול חיצוני" (סכום סעיפים 11.א עד11.ט) | B37: 0.1032861
A38: א. סך תשלומים הנובעים מהשקעה בקרנות השקעה בישראל | B38: 0
A39: ב. סך תשלומים הנובעים מהשקעה בקרנות השקעה בחו"ל | B39: 0
A40: ג. סך תשלומים למנהלי תיקים ישראלים בגין השקעה בחו"ל | B40: 0
A41: ד. סך תשלומים למנהלי תיקים זרים | B41: 0
A42: ה. סך תשלומים בגין השקעה בקרנות סל כאשר 75 אחוזים לפחות מנכסי הקרן הם נכסים שהונפקו במדינת ישראל לפי מדדים שעליהם הורה הממונה ובתנאים שהורה | B42: 0
A43: ו. סך תשלומים בגין השקעה בקרנות סל כאשר 75 אחוזים לפחות מנכסי הקרן הם נכסים שלא הונפקו במדינת ישראל ואינם נסחרים או מוחזקים בה | B43: 0.1032861
A44: ז. סך תשלומים בגין השקעה בקרנות נאמנות ישראליות כאשר 75 אחוזים לפחות מנכסי הקרן מושקעים בנכסים שלא הונפקו במדינת ישראל ואינם נסחרים או מוחזקים בה | B44: 0
A45: ח. סך תשלומים בגין השקעה בקרנות נאמנות זרות כאשר 75 אחוזים לפחות מנכסי הקרן מושקעים בנכסים שלא הונפקו במדינת ישראל ואינם נסחרים או מוחזקים בה | B45: 0
A46: ט. סך תשלומים בגין השקעה בקרן טכנולוגיה עילית | B46: 0
A48: 12. שיעור עמלת ניהול חיצוני בפועל לפני החזר, ככל שבוצע (חלוקה של סעיף 11 בסעיף 8.ב) | B48: 3.9545377e-06
... A55: 15.ב שיעור עמלת ניהול חיצוני בפועל לאחר החזר, (חלוקה של התוצאה של סעיף 11 בניכוי סעיף 15א, בסעיף 8.ב) | B55: 3.9545377e-06
A57: סך הכל הוצאות ישירות בפועל (למעט דמי ניהול משתנים כאמור בסעיף 10)
A59: 16. סך כל הוצאות ישירות (סכום של סעיף 7 וסעיף 11 בניכוי סעיף 15א) | B59: 5.2524035
A61: 17. שיעור סך ההוצאות הישירות מתוך יתרת נכסים ממוצעת (חלוקה של סעיף 16 בסעיף 8) | B61: 0.00018063861
A63: סך הכל הוצאות ישירות (לצורך חישוב שיעור עלות שנתית צפויה)
A64: 18. שיעור מגבלת עמלת ניהול חיצוני שהמשקיע המוסדי הצהיר עליה בהתאם לתקנה 2א לתקנות הוצאות ישירות עבור שנת הכספים הבאה | B64: 0.0015
A65: 19. De: שיעור הוצאות ישירות (סכום של סעיף 9 וסעיף 18) | B65: 0.0016770864

Sheet נספח 2
A1: נספח 2- סך ההוצאות הישירות ששולמו בעד כל סוג של הוצאה ישירה לתקופה המסתיימת ביום 31.12.2024
A3: שם חברת הביטוח: הכשרה חברה לביטוח - משתתפות ברווחים
B4: אלפי ₪
A5: ברוקארז'- עמלות קנייה ומכירה בגין ביצוע עסקאות בניירות ערך סחירים
A6: צדדים קשורים : | B6: 0
A9: צדדים שאינם קשורים : | B9: =SUM(B10:B12) -> 8725.8722
A10: (1) בנק מזרחי | B10: 6849.8751
A11: (2) איביאי | B11: 558.96538
A12: (3) אחרים | B12: 1317.0318
A13: סך עמלות ברוקראז' | B13: =B6+B9 -> 8725.8722
A15: עמלות קסטודיאן
A16: צדדים קשורים | B16: 0
A18: צדדים שאינם קשורים : | B18: =SUM(B19:B21) -> 87.951773
A19: (1) בנק מזרחי | B19: 86.931807
A20: (2) בנק לאומי | B20: 0.90453639
A21: (3) אחרים | B21: 0.11543
A22: סך עמלות קסטודיאן | B22: =B18+B16 -> 87.951773
A24: הוצאה הנובעת מהשקעה בניירות ערך לא סחירים או ממתן הלוואה
A25: (1) עו"ד ארנון שגב | B25: 213.759
A26: (2) BDO - זיו הפאט | B26: 149.176
A27: (3) קוזאיוף עו"ד | B27: 57.389
A28: (4) ארדינסט בן נתן טולידאנו | B28: 30.42
A29: (5) קרן - משרד עורכי דין | B29: 30.42
A30: (6) אחרים | B30: 20.883453
A31: סך הוצאות הנובעות מהשקעה בניירות ערך לא סחירים או ממתן הלוואה | B31: =SUM(B25:B30) -> 502.04745
A33: הוצאה הנובעת מהשקעה בזכויות מקרקעין
A35: סך הוצאות הנובעות מהשקעה בזכויות מקרקעין | B35: 0
A37: מסים החלים על הנכסים, ההכנסות והעסקאות
A39: הוצאה הנובעת בעד ניהול תביעה או תובענה | B39: 0
A41: סך הוצאות הנובעות בעד ניהול תביעה או תובענה | B41: 0
A43: הוצאה הנובעת ממתן משכנתא | B43: 0
A45: סך הוצאות בעד מתן משכנתאות | B45: 0
A47: סך הכל עמלות והוצאות שאינן עמלות ניהול חיצוני | B47: =B13+B22+B31+B35+B37+B41+B45 -> 9315.8715

Sheet נספח 3
A1: נספח 3 - סך ההוצאות הישירות ששולמו בעד כל סוג של הוצאה ישירה לתקופה המסתיימת ביום 31.12.2024
A3: שם חברת הביטוח: הכשרה חברה לביטוח - משתתפות ברווחים
B4: אלפי ש"ח
A5: תשלום הנובע מהשקעה בקרנות השקעה בישראל
A6: (1) קרן JTLV 2 | B6: 1180.649
A7: (2) אחרים | B7: 10387.63
A10: סך תשלומים הנובעים מהשקעה בקרנות השקעה בישראל | B10: =SUM(B6:B8) -> 11568.279
A12: תשלום הנובע מהשקעה בקרנות השקעה בחו"ל
A13: FUSE 11 (1) | B13: 694.86671
A14: (2) אחרים | B14: 4844.517
A16: סך תשלומים הנובעים מהשקעה בקרנות השקעה בחו"ל | B16: =SUM(B13:B15) -> 5539.3837
A18: תשלום למנהל תיקים ישראלי
A20: סך תשלומים למנהלי תיקים ישראליים | B20: 0
A22: תשלום למנהל תיקים זר
A24: סך תשלום למנהלי תיקים זרים | B24: 0
A26: סך תשלומים בגין השקעה בקרן סל כאשר 75% לפחות מנכסי הקרן הם נכסים שלא הונפקו במדינת ישראל ואינם נסחרים או מוחזקים בה
A27: (1) ISHARES | B27: 907.84323
A28: (2) Invesco Capital Management LLC | B28: 816.2247
A29: (3) אחרים | B29: 2638.6552
A31: סך תשלום למנהלי קרנות סל | B31: =SUM(B27:B30) -> 4362.7231
A33: סך תשלומים בגין השקעה בקרן סל כאשר 75% לפחות מנכסי הקרן הם נכסים שהונפקו במדינת ישראל לפי מדדים שעליהם הורה הממונה ובתנאים שהורה
A34: (1) מיטב קרנות נאמנות | B34: 41.995722
A35: (2) קסם קרנות נאמנות | B35: 39.033551
A36: (3) אחרים | B36: 1.7841306
A38: סך תשלום למנהלי קרן סל | B38: =SUM(B34:B37) -> 82.813403
A40: תשלום בגין השקעה בקרנות נאמנות ישראליות כאשר 75% לפחות מנכסי הקרן מושקעים בנכסים שלא הונפקו במדינת ישראל ואינם נסחרים או מוחזקים בה
A42: קרן נאמנות ישראלית
A43: (1) מגדל קרנות נאמנות | B43: 67.377064
A44: (2) איביאי קרנות נאמנות | B44: 51.627056
A45: (3) קסם קרנות נאמנות | B45: 45.936965
A46: (4) קסם קרנות נאמנות | B46: 2.527052
A47: (4) הראל קרנות מדד | B47: 2.3588845
A48: סך תשלומים למנהלי קרנות נאמנות ישראליות | B48: =SUM(B43:B47) -> 169.82702
A50: תשלום בגין השקעה בקרנות נאמנות זרות כאשר 75% לפחות מנכסי הקרן מושקעים בנכסים שלא הונפקו במדינת ישראל ואינם נסחרים או מוחזקים בה
A52: (1) KOTAK | B52: 578.57637
A53: (2) INDIA ACORN ICA | B53: 512.23806
A54: (3) Invesco Management S.A | B54: 384.39176
A55: (4) Nomura Asset Management | B55: 309.24169
A56: (5) PIMCO | B56: 240.40262
A57: (6) אחרים | B57: 935.89691
A59: סך תשלומים בגין השקעה בקרנות נאמנות זרות | B59: =SUM(B52:B58) -> 2960.7474
A61: תשלומים בגין השקעה בקרן טכנולוגיה עילית
A62: (1) איביאי טכנולוגיה עלית | B62: 10.300035
A64: סך תשלום בגין השקעה בקרן טכנולוגיה עילית | B64: =SUM(B62:B63) -> 10.300035
A66: סך הכל עמלות ניהול חיצוני | B66: =B10+B16+B20+B24+B31+B38+B48+B59+B62 -> 24694.073
A68: תשלום של דמי ניהול משתנים
A69: (1) קרן ברוש | B69: 2679.163
A70: (2) קרן SG VC 6 | B70: 2185.1985
A71: (3) קרן מיילסטון 4 MREI | B71: 1552.1559
A72: (4) קרן גיזה | B72: 994.696
A73: (5) אחרים | B73: 3787.7983
A75: סך דמי ניהול משתנים | B75: =SUM(B69:B74) -> 11199.012
A77: סך הכל נכסים לסוף שנה קודמת | B77: 21670938
